1,1972-08-12,https://www.sumo.or.jp/img/sumo_data/rikishi/270x474/20000001.jpg
2,1971-01-20,https://www.sumo.or.jp/img/sumo_data/rikishi/270x474/20000002.jpg
3,1971-10-27,https://www.sumo.or.jp/img/sumo_data/rikishi/270x474/20000003.jpg
4,1972-02-14,https://www.sumo.or.jp/img/sumo_data/rikishi/270x474/20000004.jpg
5,1972-02-16,https://www.sumo.or.jp/img/sumo_data/rikishi/270x474/20000005.jpg
6,1972-07-24,https://www.sumo.or.jp/img/sumo_data/rikishi/270x474/20000006.jpg
7,1967-03-16,https://www.sumo.or.jp/img/sumo_data/rikishi/270x474/20000007.jpg
11,1972-01-07,https://www.sumo.or.jp/img/sumo_data/rikishi/270x474/20000011.jpg
12,1966-01-01,https://www.sumo.or.jp/img/sumo_data/rikishi/270x474/20000012.jpg
13,1968-09-10,https://www.sumo.or.jp/img/sumo_data/rikishi/270x474/20000013.jpg
14,1969-12-11,https://www.sumo.or.jp/img/sumo_data/rikishi/270x474/20000014.jpg
15,1962-09-02,https://www.sumo.or.jp/img/sumo_data/rikishi/270x474/20000015.jpg
16,1970-02-18,https://www.sumo.or.jp/img/sumo_data/rikishi/270x474/20000016.jpg
19,1968-07-06,https://www.sumo.or.jp/img/sumo_data/rikishi/270x474/20000019.jpg
20,1971-07-08,https://www.sumo.or.jp/img/sumo_data/rikishi/270x474/20000020.jpg
21,1973-08-18,https://www.sumo.or.jp/img/sumo_data/rikishi/270x474/20000021.jpg
22,1974-02-26,https://www.sumo.or.jp/img/sumo_data/rikishi/270x474/20000022.jpg
28,1964-12-14,https://www.sumo.or.jp/img/sumo_data/rikishi/270x474/20000028.jpg
30,1976-04-29,https://www.sumo.or.jp/img/sumo_data/rikishi/270x474/20000030.jpg
35,1969-05-08,https://www.sumo.or.jp/img/sumo_data/rikishi/270x474/20000035.jpg
36,1971-05-02,https://www.sumo.or.jp/img/sumo_data/rikishi/270x474/20000036.jpg
39,1968-05-15,https://www.sumo.or.jp/img/sumo_data/rikishi/270x474/20000039.jpg
41,1968-06-08,https://www.sumo.or.jp/img/sumo_data/rikishi/270x474/20000041.jpg
44,1970-08-06,https://www.sumo.or.jp/img/sumo_data/rikishi/270x474/20000044.jpg
45,1962-04-26,https://www.sumo.or.jp/img/sumo_data/rikishi/270x474/20000045.jpg
46,1969-09-23,https://www.sumo.or.jp/img/sumo_data/rikishi/270x474/20000046.jpg
47,1962-05-22,https://www.sumo.or.jp/img/sumo_data/rikishi/270x474/20000047.jpg
49,1970-12-15,https://www.sumo.or.jp/img/sumo_data/rikishi/270x474/20000049.jpg
51,1970-03-21,https://www.sumo.or.jp/img/sumo_data/rikishi/270x474/20000051.jpg
58,1964-06-23,https://www.sumo.or.jp/img/sumo_data/rikishi/270x474/20000058.jpg
59,1971-02-18,https://www.sumo.or.jp/img/sumo_data/rikishi/270x474/20000059.jpg
65,1974-09-13,https://www.sumo.or.jp/img/sumo_data/rikishi/270x474/20000065.jpg
84,1972-06-16,https://www.sumo.or.jp/img/sumo_data/rikishi/270x474/20000084.jpg
86,1982-08-07,https://www.sumo.or.jp/img/sumo_data/rikishi/270x474/20000086.jpg
100,1980-09-27,https://www.sumo.or.jp/img/sumo_data/rikishi/270x474/20000100.jpg
114,1976-04-11,https://www.sumo.or.jp/img/sumo_data/rikishi/270x474/20000114.jpg
120,1976-05-12,https://www.sumo.or.jp/img/sumo_data/rikishi/270x474/20000120.jpg
124,1976-07-10,https://www.sumo.or.jp/img/sumo_data/rikishi/270x474/20000124.jpg
129,1976-01-07,https://www.sumo.or.jp/img/sumo_data/rikishi/270x474/20000129.jpg
138,1974-06-27,https://www.sumo.or.jp/img/sumo_data/rikishi/270x474/20000138.jpg
141,1971-12-15,https://www.sumo.or.jp/img/sumo_data/rikishi/270x474/20000141.jpg
148,1977-07-28,https://www.sumo.or.jp/img/sumo_data/rikishi/270x474/20000148.jpg
201,1962-10-09,https://www.sumo.or.jp/img/sumo_data/rikishi/270x474/20000201.jpg
205,1963-06-22,https://www.sumo.or.jp/img/sumo_data/rikishi/270x474/20000205.jpg
209,1960-08-08,https://www.sumo.or.jp/img/sumo_data/rikishi/270x474/20000209.jpg
224,1960-07-06,https://www.sumo.or.jp/img/sumo_data/rikishi/270x474/20000224.jpg
227,1956-05-11,https://www.sumo.or.jp/img/sumo_data/rikishi/270x474/20000227.jpg
230,1957-08-15,https://www.sumo.or.jp/img/sumo_data/rikishi/270x474/20000230.jpg
236,1958-02-15,https://www.sumo.or.jp/img/sumo_data/rikishi/270x474/20000236.jpg
238,1962-08-31,https://www.sumo.or.jp/img/sumo_data/rikishi/270x474/20000238.jpg
242,1967-11-18,https://www.sumo.or.jp/img/sumo_data/rikishi/270x474/20000242.jpg
244,1960-11-06,https://www.sumo.or.jp/img/sumo_data/rikishi/270x474/20000244.jpg
249,1961-03-01,https://www.sumo.or.jp/img/sumo_data/rikishi/270x474/20000249.jpg
253,1959-04-08,https://www.sumo.or.jp/img/sumo_data/rikishi/270x474/20000253.jpg
258,1966-07-07,https://www.sumo.or.jp/img/sumo_data/rikishi/270x474/20000258.jpg
260,1956-10-29,https://www.sumo.or.jp/img/sumo_data/rikishi/270x474/20000260.jpg
266,1958-04-25,https://www.sumo.or.jp/img/sumo_data/rikishi/270x474/20000266.jpg
270,1957-04-26,https://www.sumo.or.jp/img/sumo_data/rikishi/270x474/20000270.jpg
275,1965-11-09,https://www.sumo.or.jp/img/sumo_data/rikishi/270x474/20000275.jpg
279,1960-09-30,https://www.sumo.or.jp/img/sumo_data/rikishi/270x474/20000279.jpg
294,1962-07-30,https://www.sumo.or.jp/img/sumo_data/rikishi/270x474/20000294.jpg
300,1957-06-07,https://www.sumo.or.jp/img/sumo_data/rikishi/270x474/20000300.jpg
301,1959-04-03,https://www.sumo.or.jp/img/sumo_data/rikishi/270x474/20000301.jpg
305,1960-12-06,https://www.sumo.or.jp/img/sumo_data/rikishi/270x474/20000305.jpg
306,1963-12-30,https://www.sumo.or.jp/img/sumo_data/rikishi/270x474/20000306.jpg
1015,1974-04-19,https://www.sumo.or.jp/img/sumo_data/rikishi/270x474/20001015.jpg
1021,1973-02-28,https://www.sumo.or.jp/img/sumo_data/rikishi/270x474/20001021.jpg
1025,1974-07-29,https://www.sumo.or.jp/img/sumo_data/rikishi/270x474/20001025.jpg
1034,1977-10-31,https://www.sumo.or.jp/img/sumo_data/rikishi/270x474/20001034.jpg
1080,1978-10-03,https://www.sumo.or.jp/img/sumo_data/rikishi/270x474/20001080.jpg
1147,1977-05-26,https://www.sumo.or.jp/img/sumo_data/rikishi/270x474/20001147.jpg
1179,1977-11-22,https://www.sumo.or.jp/img/sumo_data/rikishi/270x474/20001179.jpg
1245,1976-06-18,https://www.sumo.or.jp/img/sumo_data/rikishi/270x474/20001245.jpg
1275,1976-09-05,https://www.sumo.or.jp/img/sumo_data/rikishi/270x474/20001275.jpg
1306,1980-04-17,https://www.sumo.or.jp/img/sumo_data/rikishi/270x474/20001306.jpg
1391,1979-03-21,https://www.sumo.or.jp/img/sumo_data/rikishi/270x474/20001391.jpg
1407,1977-04-15,https://www.sumo.or.jp/img/sumo_data/rikishi/270x474/20001407.jpg
1429,1979-04-20,https://www.sumo.or.jp/img/sumo_data/rikishi/270x474/20001429.jpg
1451,1978-01-17,https://www.sumo.or.jp/img/sumo_data/rikishi/270x474/20001451.jpg
1454,1979-05-17,https://www.sumo.or.jp/img/sumo_data/rikishi/270x474/20001454.jpg
1520,1981-04-26,https://www.sumo.or.jp/img/sumo_data/rikishi/270x474/20001520.jpg
1632,1977-02-07,https://www.sumo.or.jp/img/sumo_data/rikishi/270x474/20001632.jpg
1691,1978-10-02,https://www.sumo.or.jp/img/sumo_data/rikishi/270x474/20001691.jpg
1696,1982-01-27,https://www.sumo.or.jp/img/sumo_data/rikishi/270x474/20001696.jpg
1783,1977-09-15,https://www.sumo.or.jp/img/sumo_data/rikishi/270x474/20001783.jpg
1801,1983-01-26,https://www.sumo.or.jp/img/sumo_data/rikishi/270x474/20001801.jpg
1810,1982-10-05,https://www.sumo.or.jp/img/sumo_data/rikishi/270x474/20001810.jpg
1835,1983-03-06,https://www.sumo.or.jp/img/sumo_data/rikishi/270x474/20001835.jpg
2067,1976-05-21,https://www.sumo.or.jp/img/sumo_data/rikishi/270x474/20002067.jpg
2093,1984-02-24,https://www.sumo.or.jp/img/sumo_data/rikishi/270x474/20002093.jpg
2106,1983-10-01,https://www.sumo.or.jp/img/sumo_data/rikishi/270x474/20002106.jpg
2118,1983-05-26,https://www.sumo.or.jp/img/sumo_data/rikishi/270x474/20002118.jpg
2198,1981-08-07,https://www.sumo.or.jp/img/sumo_data/rikishi/270x474/20002198.jpg
2199,1981-11-10,https://www.sumo.or.jp/img/sumo_data/rikishi/270x474/20002199.jpg
2222,1982-01-18,https://www.sumo.or.jp/img/sumo_data/rikishi/270x474/20002222.jpg
2236,1981-05-23,https://www.sumo.or.jp/img/sumo_data/rikishi/270x474/20002236.jpg
2248,1984-09-28,https://www.sumo.or.jp/img/sumo_data/rikishi/270x474/20002248.jpg
2251,1981-08-29,https://www.sumo.or.jp/img/sumo_data/rikishi/270x474/20002251.jpg
2288,1976-03-02,https://www.sumo.or.jp/img/sumo_data/rikishi/270x474/20002288.jpg
2308,1984-04-14,https://www.sumo.or.jp/img/sumo_data/rikishi/270x474/20002308.jpg
2320,1985-03-11,https://www.sumo.or.jp/img/sumo_data/rikishi/270x474/20002320.jpg
2338,1982-01-31,https://www.sumo.or.jp/img/sumo_data/rikishi/270x474/20002338.jpg
2353,1982-10-28,https://www.sumo.or.jp/img/sumo_data/rikishi/270x474/20002353.jpg
2358,1985-04-05,https://www.sumo.or.jp/img/sumo_data/rikishi/270x474/20002358.jpg
2364,1986-03-30,https://www.sumo.or.jp/img/sumo_data/rikishi/270x474/20002364.jpg
2405,1978-08-12,https://www.sumo.or.jp/img/sumo_data/rikishi/270x474/20010023.jpg
2416,1985-08-10,https://www.sumo.or.jp/img/sumo_data/rikishi/270x474/20010035.jpg
2423,1984-01-30,https://www.sumo.or.jp/img/sumo_data/rikishi/270x474/20020002.jpg
2429,1983-06-26,https://www.sumo.or.jp/img/sumo_data/rikishi/270x474/20020008.jpg
2436,1987-03-18,https://www.sumo.or.jp/img/sumo_data/rikishi/270x474/20020015.jpg
2445,1986-07-03,https://www.sumo.or.jp/img/sumo_data/rikishi/270x474/20020024.jpg
2448,1986-07-28,https://www.sumo.or.jp/img/sumo_data/rikishi/270x474/20020027.jpg
2476,1986-12-16,https://www.sumo.or.jp/img/sumo_data/rikishi/270x474/20020055.jpg
2485,1983-08-25,https://www.sumo.or.jp/img/sumo_data/rikishi/270x474/20020064.jpg
2489,1979-06-21,https://www.sumo.or.jp/img/sumo_data/rikishi/270x474/20020068.jpg
2491,1985-07-15,https://www.sumo.or.jp/img/sumo_data/rikishi/270x474/20020070.jpg
2510,1983-02-19,https://www.sumo.or.jp/img/sumo_data/rikishi/270x474/20020091.jpg
2512,1986-08-21,https://www.sumo.or.jp/img/sumo_data/rikishi/270x474/20020093.jpg
2518,1980-08-28,https://www.sumo.or.jp/img/sumo_data/rikishi/270x474/20030006.jpg
2522,1984-05-04,https://www.sumo.or.jp/img/sumo_data/rikishi/270x474/20030010.jpg
2523,1984-12-25,https://www.sumo.or.jp/img/sumo_data/rikishi/270x474/20030011.jpg
2536,1986-07-17,https://www.sumo.or.jp/img/sumo_data/rikishi/270x474/20030025.jpg
2562,1988-01-27,https://www.sumo.or.jp/img/sumo_data/rikishi/270x474/20030051.jpg
2565,1987-05-11,https://www.sumo.or.jp/img/sumo_data/rikishi/270x474/20030054.jpg
2568,1985-03-19,https://www.sumo.or.jp/img/sumo_data/rikishi/270x474/20030057.jpg
2569,1987-04-19,https://www.sumo.or.jp/img/sumo_data/rikishi/270x474/20030058.jpg
2579,1988-02-28,https://www.sumo.or.jp/img/sumo_data/rikishi/270x474/20030068.jpg
2585,1987-06-09,https://www.sumo.or.jp/img/sumo_data/rikishi/270x474/20030074.jpg
2598,1986-04-05,https://www.sumo.or.jp/img/sumo_data/rikishi/270x474/20030093.jpg
2604,1986-10-17,https://www.sumo.or.jp/img/sumo_data/rikishi/270x474/20030099.jpg
2605,1987-06-16,https://www.sumo.or.jp/img/sumo_data/rikishi/270x474/20030100.jpg
2606,1987-10-14,https://www.sumo.or.jp/img/sumo_data/rikishi/270x474/20030101.jpg
2609,1988-02-09,https://www.sumo.or.jp/img/sumo_data/rikishi/270x474/20030104.jpg
2614,1984-01-09,https://www.sumo.or.jp/img/sumo_data/rikishi/270x474/20030109.jpg
2629,1984-11-16,https://www.sumo.or.jp/img/sumo_data/rikishi/270x474/20040005.jpg
2637,1986-09-03,https://www.sumo.or.jp/img/sumo_data/rikishi/270x474/20040013.jpg
2642,1986-01-19,https://www.sumo.or.jp/img/sumo_data/rikishi/270x474/20040018.jpg
2647,1985-06-17,https://www.sumo.or.jp/img/sumo_data/rikishi/270x474/20040023.jpg
2650,1982-03-19,https://www.sumo.or.jp/img/sumo_data/rikishi/270x474/20040026.jpg
2663,1989-01-11,https://www.sumo.or.jp/img/sumo_data/rikishi/270x474/20040041.jpg
2668,1981-05-31,https://www.sumo.or.jp/img/sumo_data/rikishi/270x474/20040046.jpg
2669,1988-04-15,https://www.sumo.or.jp/img/sumo_data/rikishi/270x474/20040047.jpg
2684,1986-01-03,https://www.sumo.or.jp/img/sumo_data/rikishi/270x474/20040062.jpg
2685,1986-02-14,https://www.sumo.or.jp/img/sumo_data/rikishi/270x474/20040063.jpg
2688,1985-11-19,https://www.sumo.or.jp/img/sumo_data/rikishi/270x474/20040066.jpg
2692,1988-04-02,https://www.sumo.or.jp/img/sumo_data/rikishi/270x474/20040070.jpg
2693,1981-07-13,https://www.sumo.or.jp/img/sumo_data/rikishi/270x474/20040071.jpg
2696,1989-01-31,https://www.sumo.or.jp/img/sumo_data/rikishi/270x474/20040074.jpg
2701,1981-04-16,https://www.sumo.or.jp/img/sumo_data/rikishi/270x474/20040079.jpg
2703,1988-06-08,https://www.sumo.or.jp/img/sumo_data/rikishi/270x474/20040081.jpg
2731,1984-11-05,https://www.sumo.or.jp/img/sumo_data/rikishi/270x474/20040112.jpg
2736,1989-01-21,https://www.sumo.or.jp/img/sumo_data/rikishi/270x474/20040117.jpg
2759,1985-07-29,https://www.sumo.or.jp/img/sumo_data/rikishi/270x474/20050003.jpg
2763,1984-11-16,https://www.sumo.or.jp/img/sumo_data/rikishi/270x474/20050007.jpg
2764,1986-04-06,https://www.sumo.or.jp/img/sumo_data/rikishi/270x474/20050008.jpg
2769,1987-03-09,https://www.sumo.or.jp/img/sumo_data/rikishi/270x474/20050013.jpg
2775,1990-02-28,https://www.sumo.or.jp/img/sumo_data/rikishi/270x474/20050022.jpg
2780,1989-09-07,https://www.sumo.or.jp/img/sumo_data/rikishi/270x474/20050027.jpg
2786,1986-10-11,https://www.sumo.or.jp/img/sumo_data/rikishi/270x474/20050033.jpg
2792,1982-08-21,https://www.sumo.or.jp/img/sumo_data/rikishi/270x474/20050039.jpg
2797,1989-04-25,https://www.sumo.or.jp/img/sumo_data/rikishi/270x474/20050044.jpg
2801,1990-03-01,https://www.sumo.or.jp/img/sumo_data/rikishi/270x474/20050048.jpg
2827,1989-07-21,https://www.sumo.or.jp/img/sumo_data/rikishi/270x474/20050074.jpg
2833,1989-10-09,https://www.sumo.or.jp/img/sumo_data/rikishi/270x474/20050080.jpg
2834,1986-05-27,https://www.sumo.or.jp/img/sumo_data/rikishi/270x474/20050081.jpg
2855,1988-08-18,https://www.sumo.or.jp/img/sumo_data/rikishi/270x474/20050105.jpg
2868,1987-02-23,https://www.sumo.or.jp/img/sumo_data/rikishi/270x474/20050119.jpg
2870,1984-11-29,https://www.sumo.or.jp/img/sumo_data/rikishi/270x474/20050121.jpg
2874,1987-08-07,https://www.sumo.or.jp/img/sumo_data/rikishi/270x474/20060004.jpg
2884,1990-06-29,https://www.sumo.or.jp/img/sumo_data/rikishi/270x474/20060017.jpg
2887,1990-10-08,https://www.sumo.or.jp/img/sumo_data/rikishi/270x474/20060020.jpg
2890,1990-11-10,https://www.sumo.or.jp/img/sumo_data/rikishi/270x474/20060023.jpg
2891,1988-01-26,https://www.sumo.or.jp/img/sumo_data/rikishi/270x474/20060024.jpg
2892,1990-08-25,https://www.sumo.or.jp/img/sumo_data/rikishi/270x474/20060025.jpg
2894,1987-05-03,https://www.sumo.or.jp/img/sumo_data/rikishi/270x474/20060027.jpg
2895,1987-10-13,https://www.sumo.or.jp/img/sumo_data/rikishi/270x474/20060028.jpg
2896,1987-04-23,https://www.sumo.or.jp/img/sumo_data/rikishi/270x474/20060029.jpg
2908,1983-08-26,https://www.sumo.or.jp/img/sumo_data/rikishi/270x474/20060041.jpg
2909,1991-01-22,https://www.sumo.or.jp/img/sumo_data/rikishi/270x474/20060042.jpg
2910,1984-02-09,https://www.sumo.or.jp/img/sumo_data/rikishi/270x474/20060043.jpg
2914,1987-06-21,https://www.sumo.or.jp/img/sumo_data/rikishi/270x474/20060047.jpg
2924,1990-12-22,https://www.sumo.or.jp/img/sumo_data/rikishi/270x474/20060057.jpg
2938,1990-07-10,https://www.sumo.or.jp/img/sumo_data/rikishi/270x474/20060071.jpg
2943,1990-05-10,https://www.sumo.or.jp/img/sumo_data/rikishi/270x474/20060076.jpg
2950,1986-12-18,https://www.sumo.or.jp/img/sumo_data/rikishi/270x474/20060091.jpg
2963,1984-10-14,https://www.sumo.or.jp/img/sumo_data/rikishi/270x474/20070006.jpg
2965,1989-05-24,https://www.sumo.or.jp/img/sumo_data/rikishi/270x474/20070008.jpg
2968,1991-07-12,https://www.sumo.or.jp/img/sumo_data/rikishi/270x474/20070013.jpg
2970,1992-03-10,https://www.sumo.or.jp/img/sumo_data/rikishi/270x474/20070015.jpg
2972,1992-02-24,https://www.sumo.or.jp/img/sumo_data/rikishi/270x474/20070017.jpg
2974,1985-03-10,https://www.sumo.or.jp/img/sumo_data/rikishi/270x474/20070019.jpg
2975,1991-07-19,https://www.sumo.or.jp/img/sumo_data/rikishi/270x474/20070020.jpg
2983,1991-07-13,https://www.sumo.or.jp/img/sumo_data/rikishi/270x474/20070028.jpg
2986,1989-02-12,https://www.sumo.or.jp/img/sumo_data/rikishi/270x474/20070031.jpg
3002,1991-07-07,https://www.sumo.or.jp/img/sumo_data/rikishi/270x474/20070047.jpg
3012,1991-11-20,https://www.sumo.or.jp/img/sumo_data/rikishi/270x474/20070057.jpg
3015,1989-06-21,https://www.sumo.or.jp/img/sumo_data/rikishi/270x474/20070060.jpg
3019,1991-05-31,https://www.sumo.or.jp/img/sumo_data/rikishi/270x474/20070064.jpg
3023,1992-02-23,https://www.sumo.or.jp/img/sumo_data/rikishi/270x474/20070068.jpg
3026,1991-12-02,https://www.sumo.or.jp/img/sumo_data/rikishi/270x474/20070071.jpg
3030,1991-12-12,https://www.sumo.or.jp/img/sumo_data/rikishi/270x474/20070075.jpg
3039,1988-08-09,https://www.sumo.or.jp/img/sumo_data/rikishi/270x474/20070084.jpg
3040,1991-04-17,https://www.sumo.or.jp/img/sumo_data/rikishi/270x474/20070085.jpg
3046,1984-11-29,https://www.sumo.or.jp/img/sumo_data/rikishi/270x474/20070094.jpg
3055,1989-10-18,https://www.sumo.or.jp/img/sumo_data/rikishi/270x474/20080001.jpg
3056,1985-07-18,https://www.sumo.or.jp/img/sumo_data/rikishi/270x474/20080002.jpg
3059,1990-03-10,https://www.sumo.or.jp/img/sumo_data/rikishi/270x474/20080005.jpg
3060,1985-05-06,https://www.sumo.or.jp/img/sumo_data/rikishi/270x474/20080006.jpg
3065,1992-04-02,https://www.sumo.or.jp/img/sumo_data/rikishi/270x474/20080014.jpg
3067,1992-09-18,https://www.sumo.or.jp/img/sumo_data/rikishi/270x474/20080016.jpg
3070,1992-11-30,https://www.sumo.or.jp/img/sumo_data/rikishi/270x474/20080019.jpg
3078,1992-11-11,https://www.sumo.or.jp/img/sumo_data/rikishi/270x474/20080027.jpg
3081,1985-04-30,https://www.sumo.or.jp/img/sumo_data/rikishi/270x474/20080030.jpg
3083,1991-04-02,https://www.sumo.or.jp/img/sumo_data/rikishi/270x474/20080032.jpg
3091,1992-04-18,https://www.sumo.or.jp/img/sumo_data/rikishi/270x474/20080040.jpg
3110,1992-04-16,https://www.sumo.or.jp/img/sumo_data/rikishi/270x474/20080059.jpg
3113,1991-12-15,https://www.sumo.or.jp/img/sumo_data/rikishi/270x474/20080062.jpg
3123,1992-05-22,https://www.sumo.or.jp/img/sumo_data/rikishi/270x474/20080072.jpg
3132,1992-10-11,https://www.sumo.or.jp/img/sumo_data/rikishi/270x474/20080084.jpg
3144,1987-05-12,https://www.sumo.or.jp/img/sumo_data/rikishi/270x474/20080097.jpg
3146,1990-02-26,https://www.sumo.or.jp/img/sumo_data/rikishi/270x474/20080099.jpg
3148,1986-08-22,https://www.sumo.or.jp/img/sumo_data/rikishi/270x474/20090002.jpg
3149,1990-04-03,https://www.sumo.or.jp/img/sumo_data/rikishi/270x474/20090003.jpg
3150,1987-02-18,https://www.sumo.or.jp/img/sumo_data/rikishi/270x474/20090004.jpg
3158,1990-07-12,https://www.sumo.or.jp/img/sumo_data/rikishi/270x474/20090012.jpg
3163,1993-09-01,https://www.sumo.or.jp/img/sumo_data/rikishi/270x474/20090017.jpg
3165,1990-12-19,https://www.sumo.or.jp/img/sumo_data/rikishi/270x474/20090019.jpg
3166,1993-11-26,https://www.sumo.or.jp/img/sumo_data/rikishi/270x474/20090020.jpg
3177,1993-12-31,https://www.sumo.or.jp/img/sumo_data/rikishi/270x474/20090031.jpg
3181,1993-08-15,https://www.sumo.or.jp/img/sumo_data/rikishi/270x474/20090035.jpg
3182,1993-08-18,https://www.sumo.or.jp/img/sumo_data/rikishi/270x474/20090036.jpg
3189,1993-06-03,https://www.sumo.or.jp/img/sumo_data/rikishi/270x474/20090043.jpg
3206,1986-10-22,https://www.sumo.or.jp/img/sumo_data/rikishi/270x474/20090065.jpg
3207,1991-07-20,https://www.sumo.or.jp/img/sumo_data/rikishi/270x474/20090066.jpg
3208,1986-06-19,https://www.sumo.or.jp/img/sumo_data/rikishi/270x474/20090067.jpg
3218,1994-03-11,https://www.sumo.or.jp/img/sumo_data/rikishi/270x474/20090080.jpg
3219,1988-10-18,https://www.sumo.or.jp/img/sumo_data/rikishi/270x474/20090081.jpg
3224,1991-12-29,https://www.sumo.or.jp/img/sumo_data/rikishi/270x474/20090087.jpg
3232,1991-06-12,https://www.sumo.or.jp/img/sumo_data/rikishi/270x474/20100005.jpg
3239,1994-10-27,https://www.sumo.or.jp/img/sumo_data/rikishi/270x474/20100013.jpg
3242,1991-11-20,https://www.sumo.or.jp/img/sumo_data/rikishi/270x474/20100016.jpg
3247,1991-11-19,https://www.sumo.or.jp/img/sumo_data/rikishi/270x474/20100021.jpg
3250,1991-05-29,https://www.sumo.or.jp/img/sumo_data/rikishi/270x474/20100024.jpg
3255,1994-06-01,https://www.sumo.or.jp/img/sumo_data/rikishi/270x474/20100029.jpg
3265,1994-11-14,https://www.sumo.or.jp/img/sumo_data/rikishi/270x474/20100039.jpg
3267,1994-07-01,https://www.sumo.or.jp/img/sumo_data/rikishi/270x474/20100041.jpg
3270,1994-12-20,https://www.sumo.or.jp/img/sumo_data/rikishi/270x474/20100044.jpg
3271,1994-09-05,https://www.sumo.or.jp/img/sumo_data/rikishi/270x474/20100045.jpg
3272,1994-11-12,https://www.sumo.or.jp/img/sumo_data/rikishi/270x474/20100046.jpg
3278,1995-01-17,https://www.sumo.or.jp/img/sumo_data/rikishi/270x474/20100052.jpg
3279,1991-10-28,https://www.sumo.or.jp/img/sumo_data/rikishi/270x474/20100053.jpg
3283,1994-10-22,https://www.sumo.or.jp/img/sumo_data/rikishi/270x474/20100057.jpg
3284,1993-04-22,https://www.sumo.or.jp/img/sumo_data/rikishi/270x474/20100058.jpg
3287,1994-06-10,https://www.sumo.or.jp/img/sumo_data/rikishi/270x474/20100064.jpg
3296,1994-09-27,https://www.sumo.or.jp/img/sumo_data/rikishi/270x474/20100073.jpg
3306,1989-05-08,https://www.sumo.or.jp/img/sumo_data/rikishi/270x474/20100084.jpg
3307,1992-09-18,https://www.sumo.or.jp/img/sumo_data/rikishi/270x474/20100085.jpg
3312,1990-11-06,https://www.sumo.or.jp/img/sumo_data/rikishi/270x474/20100090.jpg
3316,1992-07-08,https://www.sumo.or.jp/img/sumo_data/rikishi/270x474/20110003.jpg
3317,1993-03-30,https://www.sumo.or.jp/img/sumo_data/rikishi/270x474/20110004.jpg
3319,1994-07-28,https://www.sumo.or.jp/img/sumo_data/rikishi/270x474/20110006.jpg
3321,1991-11-29,https://www.sumo.or.jp/img/sumo_data/rikishi/270x474/20110008.jpg
3322,1992-07-02,https://www.sumo.or.jp/img/sumo_data/rikishi/270x474/20110009.jpg
3325,1988-11-14,https://www.sumo.or.jp/img/sumo_data/rikishi/270x474/20110015.jpg
3326,1989-02-10,https://www.sumo.or.jp/img/sumo_data/rikishi/270x474/20110018.jpg
3327,1995-11-17,https://www.sumo.or.jp/img/sumo_data/rikishi/270x474/20110019.jpg
3329,1992-08-08,https://www.sumo.or.jp/img/sumo_data/rikishi/270x474/20110021.jpg
3330,1992-10-30,https://www.sumo.or.jp/img/sumo_data/rikishi/270x474/20110022.jpg
3333,1996-01-31,https://www.sumo.or.jp/img/sumo_data/rikishi/270x474/20110025.jpg
3334,1995-04-13,https://www.sumo.or.jp/img/sumo_data/rikishi/270x474/20110026.jpg
3337,1995-07-24,https://www.sumo.or.jp/img/sumo_data/rikishi/270x474/20110029.jpg
3338,1995-10-07,https://www.sumo.or.jp/img/sumo_data/rikishi/270x474/20110030.jpg
3340,1993-01-14,https://www.sumo.or.jp/img/sumo_data/rikishi/270x474/20110032.jpg
3344,1993-03-03,https://www.sumo.or.jp/img/sumo_data/rikishi/270x474/20110036.jpg
3346,1995-06-15,https://www.sumo.or.jp/img/sumo_data/rikishi/270x474/20110038.jpg
3350,1996-01-08,https://www.sumo.or.jp/img/sumo_data/rikishi/270x474/20110042.jpg
3353,1995-05-07,https://www.sumo.or.jp/img/sumo_data/rikishi/270x474/20110045.jpg
3356,1992-08-26,https://www.sumo.or.jp/img/sumo_data/rikishi/270x474/20110048.jpg
3357,1995-07-30,https://www.sumo.or.jp/img/sumo_data/rikishi/270x474/20110049.jpg
3362,1988-08-07,https://www.sumo.or.jp/img/sumo_data/rikishi/270x474/20110055.jpg
3363,1992-12-30,https://www.sumo.or.jp/img/sumo_data/rikishi/270x474/20110056.jpg
3367,1993-03-06,https://www.sumo.or.jp/img/sumo_data/rikishi/270x474/20110061.jpg
3371,1993-10-05,https://www.sumo.or.jp/img/sumo_data/rikishi/270x474/20110065.jpg
3372,1990-09-14,https://www.sumo.or.jp/img/sumo_data/rikishi/270x474/20110066.jpg
3375,1993-08-21,https://www.sumo.or.jp/img/sumo_data/rikishi/270x474/20120002.jpg
3376,1993-11-10,https://www.sumo.or.jp/img/sumo_data/rikishi/270x474/20120003.jpg
3378,1992-02-10,https://www.sumo.or.jp/img/sumo_data/rikishi/270x474/20120005.jpg
3379,1993-11-16,https://www.sumo.or.jp/img/sumo_data/rikishi/270x474/20120006.jpg
3383,1996-04-06,https://www.sumo.or.jp/img/sumo_data/rikishi/270x474/20120012.jpg
3386,1994-01-14,https://www.sumo.or.jp/img/sumo_data/rikishi/270x474/20120015.jpg
3395,1997-01-12,https://www.sumo.or.jp/img/sumo_data/rikishi/270x474/20120024.jpg
3396,1996-11-12,https://www.sumo.or.jp/img/sumo_data/rikishi/270x474/20120025.jpg
3397,1993-12-14,https://www.sumo.or.jp/img/sumo_data/rikishi/270x474/20120026.jpg
3402,1989-05-13,https://www.sumo.or.jp/img/sumo_data/rikishi/270x474/20120031.jpg
3404,1996-05-18,https://www.sumo.or.jp/img/sumo_data/rikishi/270x474/20120033.jpg
3406,1996-06-06,https://www.sumo.or.jp/img/sumo_data/rikishi/270x474/20120035.jpg
3407,1996-07-16,https://www.sumo.or.jp/img/sumo_data/rikishi/270x474/20120036.jpg
3408,1993-08-16,https://www.sumo.or.jp/img/sumo_data/rikishi/270x474/20120037.jpg
3410,1996-06-29,https://www.sumo.or.jp/img/sumo_data/rikishi/270x474/20120039.jpg
3412,1993-04-06,https://www.sumo.or.jp/img/sumo_data/rikishi/270x474/20120041.jpg
3415,1989-07-11,https://www.sumo.or.jp/img/sumo_data/rikishi/270x474/20120047.jpg
3417,1989-06-11,https://www.sumo.or.jp/img/sumo_data/rikishi/270x474/20120049.jpg
3418,1996-11-29,https://www.sumo.or.jp/img/sumo_data/rikishi/270x474/20120050.jpg
3431,1994-08-28,https://www.sumo.or.jp/img/sumo_data/rikishi/270x474/20130002.jpg
3432,1994-06-09,https://www.sumo.or.jp/img/sumo_data/rikishi/270x474/20130003.jpg
3433,1990-11-15,https://www.sumo.or.jp/img/sumo_data/rikishi/270x474/20130004.jpg
3434,1996-07-04,https://www.sumo.or.jp/img/sumo_data/rikishi/270x474/20130005.jpg
3437,1995-03-10,https://www.sumo.or.jp/img/sumo_data/rikishi/270x474/20130008.jpg
3442,1990-01-10,https://www.sumo.or.jp/img/sumo_data/rikishi/270x474/20130013.jpg
3443,1994-05-10,https://www.sumo.or.jp/img/sumo_data/rikishi/270x474/20130014.jpg
3448,1997-05-05,https://www.sumo.or.jp/img/sumo_data/rikishi/270x474/20130020.jpg
3451,1994-09-19,https://www.sumo.or.jp/img/sumo_data/rikishi/270x474/20130023.jpg
3454,1994-04-13,https://www.sumo.or.jp/img/sumo_data/rikishi/270x474/20130026.jpg
3460,1998-01-09,https://www.sumo.or.jp/img/sumo_data/rikishi/270x474/20130032.jpg
3461,1997-04-21,https://www.sumo.or.jp/img/sumo_data/rikishi/270x474/20130033.jpg
3464,1990-10-19,https://www.sumo.or.jp/img/sumo_data/rikishi/270x474/20130036.jpg
3465,1998-01-07,https://www.sumo.or.jp/img/sumo_data/rikishi/270x474/20130037.jpg
3466,1995-01-28,https://www.sumo.or.jp/img/sumo_data/rikishi/270x474/20130038.jpg
3467,1997-05-13,https://www.sumo.or.jp/img/sumo_data/rikishi/270x474/20130039.jpg
3468,1997-05-13,https://www.sumo.or.jp/img/sumo_data/rikishi/270x474/20130040.jpg
3469,1994-10-17,https://www.sumo.or.jp/img/sumo_data/rikishi/270x474/20130041.jpg
3474,1994-08-15,https://www.sumo.or.jp/img/sumo_data/rikishi/270x474/20130046.jpg
3476,1997-08-07,https://www.sumo.or.jp/img/sumo_data/rikishi/270x474/20130048.jpg
3477,1997-06-25,https://www.sumo.or.jp/img/sumo_data/rikishi/270x474/20130049.jpg
3478,1994-11-19,https://www.sumo.or.jp/img/sumo_data/rikishi/270x474/20130050.jpg
3482,1997-12-23,https://www.sumo.or.jp/img/sumo_data/rikishi/270x474/20130054.jpg
3483,1997-04-21,https://www.sumo.or.jp/img/sumo_data/rikishi/270x474/20130055.jpg
3485,1994-05-04,https://www.sumo.or.jp/img/sumo_data/rikishi/270x474/20130059.jpg
3493,1997-08-15,https://www.sumo.or.jp/img/sumo_data/rikishi/270x474/20130068.jpg
3494,1996-12-26,https://www.sumo.or.jp/img/sumo_data/rikishi/270x474/20130069.jpg
3496,1996-06-12,https://www.sumo.or.jp/img/sumo_data/rikishi/270x474/20130071.jpg
3498,1993-04-07,https://www.sumo.or.jp/img/sumo_data/rikishi/270x474/20130077.jpg
3500,1998-01-31,https://www.sumo.or.jp/img/sumo_data/rikishi/270x474/20130079.jpg
3504,1991-07-27,https://www.sumo.or.jp/img/sumo_data/rikishi/270x474/20140002.jpg
3505,1996-02-10,https://www.sumo.or.jp/img/sumo_data/rikishi/270x474/20140003.jpg
3508,1995-12-06,https://www.sumo.or.jp/img/sumo_data/rikishi/270x474/20140006.jpg
3510,1995-07-22,https://www.sumo.or.jp/img/sumo_data/rikishi/270x474/20140008.jpg
3511,1995-06-19,https://www.sumo.or.jp/img/sumo_data/rikishi/270x474/20140009.jpg
3512,1996-03-08,https://www.sumo.or.jp/img/sumo_data/rikishi/270x474/20140010.jpg
3521,1991-11-05,https://www.sumo.or.jp/img/sumo_data/rikishi/270x474/20140019.jpg
3523,1995-04-26,https://www.sumo.or.jp/img/sumo_data/rikishi/270x474/20140021.jpg
3525,1995-06-08,https://www.sumo.or.jp/img/sumo_data/rikishi/270x474/20140023.jpg
3528,1998-07-02,https://www.sumo.or.jp/img/sumo_data/rikishi/270x474/20140026.jpg
3530,1995-10-24,https://www.sumo.or.jp/img/sumo_data/rikishi/270x474/20140028.jpg
3532,1991-12-24,https://www.sumo.or.jp/img/sumo_data/rikishi/270x474/20140030.jpg
3535,1991-07-10,https://www.sumo.or.jp/img/sumo_data/rikishi/270x474/20140033.jpg
3537,1995-10-28,https://www.sumo.or.jp/img/sumo_data/rikishi/270x474/20140035.jpg
3538,1998-07-12,https://www.sumo.or.jp/img/sumo_data/rikishi/270x474/20140036.jpg
3542,1998-06-25,https://www.sumo.or.jp/img/sumo_data/rikishi/270x474/20140040.jpg
3543,1998-11-08,https://www.sumo.or.jp/img/sumo_data/rikishi/270x474/20140041.jpg
3546,1998-07-08,https://www.sumo.or.jp/img/sumo_data/rikishi/270x474/20140044.jpg
3548,1995-04-20,https://www.sumo.or.jp/img/sumo_data/rikishi/270x474/20140046.jpg
3549,1995-12-11,https://www.sumo.or.jp/img/sumo_data/rikishi/270x474/20140047.jpg
3551,1998-08-11,https://www.sumo.or.jp/img/sumo_data/rikishi/270x474/20140049.jpg
3552,1998-08-24,https://www.sumo.or.jp/img/sumo_data/rikishi/270x474/20140050.jpg
3553,1998-04-08,https://www.sumo.or.jp/img/sumo_data/rikishi/270x474/20140051.jpg
3555,1998-09-14,https://www.sumo.or.jp/img/sumo_data/rikishi/270x474/20140053.jpg
3556,1998-06-13,https://www.sumo.or.jp/img/sumo_data/rikishi/270x474/20140054.jpg
3557,1995-12-31,https://www.sumo.or.jp/img/sumo_data/rikishi/270x474/20140055.jpg
3558,1995-02-09,https://www.sumo.or.jp/img/sumo_data/rikishi/270x474/20140056.jpg
3560,1998-06-09,https://www.sumo.or.jp/img/sumo_data/rikishi/270x474/20140058.jpg
3562,1999-02-05,https://www.sumo.or.jp/img/sumo_data/rikishi/270x474/20140060.jpg
3563,1998-04-16,https://www.sumo.or.jp/img/sumo_data/rikishi/270x474/20140061.jpg
3564,1998-07-24,https://www.sumo.or.jp/img/sumo_data/rikishi/270x474/20140062.jpg
3566,1995-06-13,https://www.sumo.or.jp/img/sumo_data/rikishi/270x474/20140065.jpg
3567,1998-07-11,https://www.sumo.or.jp/img/sumo_data/rikishi/270x474/20140066.jpg
3568,1998-07-28,https://www.sumo.or.jp/img/sumo_data/rikishi/270x474/20140067.jpg
3570,1991-08-24,https://www.sumo.or.jp/img/sumo_data/rikishi/270x474/20140069.jpg
3578,1995-04-29,https://www.sumo.or.jp/img/sumo_data/rikishi/270x474/20140078.jpg
3580,1996-10-12,https://www.sumo.or.jp/img/sumo_data/rikishi/270x474/20140081.jpg
3582,1996-08-05,https://www.sumo.or.jp/img/sumo_data/rikishi/270x474/20140083.jpg
3583,1996-10-24,https://www.sumo.or.jp/img/sumo_data/rikishi/270x474/20140084.jpg
3586,1996-08-21,https://www.sumo.or.jp/img/sumo_data/rikishi/270x474/20140087.jpg
3587,1998-02-27,https://www.sumo.or.jp/img/sumo_data/rikishi/270x474/20140088.jpg
3590,1992-11-23,https://www.sumo.or.jp/img/sumo_data/rikishi/270x474/20150001.jpg
3592,1997-02-13,https://www.sumo.or.jp/img/sumo_data/rikishi/270x474/20150003.jpg
3594,1992-04-24,https://www.sumo.or.jp/img/sumo_data/rikishi/270x474/20150005.jpg
3597,1993-02-19,https://www.sumo.or.jp/img/sumo_data/rikishi/270x474/20150008.jpg
3600,1996-04-04,https://www.sumo.or.jp/img/sumo_data/rikishi/270x474/20150011.jpg
3609,2000-03-31,https://www.sumo.or.jp/img/sumo_data/rikishi/270x474/20150021.jpg
3610,1999-07-06,https://www.sumo.or.jp/img/sumo_data/rikishi/270x474/20150022.jpg
3611,1993-02-20,https://www.sumo.or.jp/img/sumo_data/rikishi/270x474/20150023.jpg
3614,1996-09-26,https://www.sumo.or.jp/img/sumo_data/rikishi/270x474/20150026.jpg
3615,2000-01-31,https://www.sumo.or.jp/img/sumo_data/rikishi/270x474/20150027.jpg
3616,1992-06-22,https://www.sumo.or.jp/img/sumo_data/rikishi/270x474/20150028.jpg
3617,1999-08-17,https://www.sumo.or.jp/img/sumo_data/rikishi/270x474/20150029.jpg
3618,1999-11-27,https://www.sumo.or.jp/img/sumo_data/rikishi/270x474/20150030.jpg
3620,1992-12-25,https://www.sumo.or.jp/img/sumo_data/rikishi/270x474/20150032.jpg
3621,1999-07-03,https://www.sumo.or.jp/img/sumo_data/rikishi/270x474/20150033.jpg
3622,1996-04-24,https://www.sumo.or.jp/img/sumo_data/rikishi/270x474/20150034.jpg
3627,1999-06-25,https://www.sumo.or.jp/img/sumo_data/rikishi/270x474/20150039.jpg
3630,1992-07-15,https://www.sumo.or.jp/img/sumo_data/rikishi/270x474/20150042.jpg
3631,2000-03-16,https://www.sumo.or.jp/img/sumo_data/rikishi/270x474/20150043.jpg
3632,1999-08-02,https://www.sumo.or.jp/img/sumo_data/rikishi/270x474/20150044.jpg
3643,1994-05-26,https://www.sumo.or.jp/img/sumo_data/rikishi/270x474/20150055.jpg
3644,2000-03-17,https://www.sumo.or.jp/img/sumo_data/rikishi/270x474/20150058.jpg
3645,1997-02-25,https://www.sumo.or.jp/img/sumo_data/rikishi/270x474/20150059.jpg
3646,1993-01-11,https://www.sumo.or.jp/img/sumo_data/rikishi/270x474/20150060.jpg
3648,1999-07-07,https://www.sumo.or.jp/img/sumo_data/rikishi/270x474/20150062.jpg
3650,1999-11-24,https://www.sumo.or.jp/img/sumo_data/rikishi/270x474/20150064.jpg
3654,1996-05-11,https://www.sumo.or.jp/img/sumo_data/rikishi/270x474/20150071.jpg
3657,1992-12-21,https://www.sumo.or.jp/img/sumo_data/rikishi/270x474/20150075.jpg
3661,1997-11-19,https://www.sumo.or.jp/img/sumo_data/rikishi/270x474/20150081.jpg
3662,1996-09-11,https://www.sumo.or.jp/img/sumo_data/rikishi/270x474/20150082.jpg
3663,1998-09-20,https://www.sumo.or.jp/img/sumo_data/rikishi/270x474/20150083.jpg
3664,1997-07-28,https://www.sumo.or.jp/img/sumo_data/rikishi/270x474/20160001.jpg
3665,1992-12-15,https://www.sumo.or.jp/img/sumo_data/rikishi/270x474/20160002.jpg
3666,1997-12-19,https://www.sumo.or.jp/img/sumo_data/rikishi/270x474/20160003.jpg
3670,1993-07-29,https://www.sumo.or.jp/img/sumo_data/rikishi/270x474/20160007.jpg
3673,1993-11-13,https://www.sumo.or.jp/img/sumo_data/rikishi/270x474/20160010.jpg
3674,1998-03-17,https://www.sumo.or.jp/img/sumo_data/rikishi/270x474/20160011.jpg
3675,1997-05-12,https://www.sumo.or.jp/img/sumo_data/rikishi/270x474/20160012.jpg
3676,1993-05-29,https://www.sumo.or.jp/img/sumo_data/rikishi/270x474/20160013.jpg
3677,2000-06-04,https://www.sumo.or.jp/img/sumo_data/rikishi/270x474/20160014.jpg
3680,2000-11-09,https://www.sumo.or.jp/img/sumo_data/rikishi/270x474/20160017.jpg
3682,1994-03-01,https://www.sumo.or.jp/img/sumo_data/rikishi/270x474/20160019.jpg
3683,1993-09-22,https://www.sumo.or.jp/img/sumo_data/rikishi/270x474/20160020.jpg
3685,1998-02-12,https://www.sumo.or.jp/img/sumo_data/rikishi/270x474/20160022.jpg
3686,2000-06-04,https://www.sumo.or.jp/img/sumo_data/rikishi/270x474/20160023.jpg
3688,1998-02-27,https://www.sumo.or.jp/img/sumo_data/rikishi/270x474/20160025.jpg
3689,1997-07-16,https://www.sumo.or.jp/img/sumo_data/rikishi/270x474/20160026.jpg
3690,1998-01-03,https://www.sumo.or.jp/img/sumo_data/rikishi/270x474/20160027.jpg
3694,2000-08-16,https://www.sumo.or.jp/img/sumo_data/rikishi/270x474/20160031.jpg
3696,1999-08-02,https://www.sumo.or.jp/img/sumo_data/rikishi/270x474/20160033.jpg
3697,1998-03-01,https://www.sumo.or.jp/img/sumo_data/rikishi/270x474/20160034.jpg
3698,2000-06-22,https://www.sumo.or.jp/img/sumo_data/rikishi/270x474/20160035.jpg
3701,1998-08-04,https://www.sumo.or.jp/img/sumo_data/rikishi/270x474/20160038.jpg
3705,2000-04-20,https://www.sumo.or.jp/img/sumo_data/rikishi/270x474/20160042.jpg
3707,1997-04-25,https://www.sumo.or.jp/img/sumo_data/rikishi/270x474/20160044.jpg
3708,1998-02-13,https://www.sumo.or.jp/img/sumo_data/rikishi/270x474/20160045.jpg
3710,1994-05-14,https://www.sumo.or.jp/img/sumo_data/rikishi/270x474/20160047.jpg
3711,1993-05-06,https://www.sumo.or.jp/img/sumo_data/rikishi/270x474/20160048.jpg
3712,1994-02-23,https://www.sumo.or.jp/img/sumo_data/rikishi/270x474/20160049.jpg
3714,2000-10-02,https://www.sumo.or.jp/img/sumo_data/rikishi/270x474/20160051.jpg
3717,1997-10-20,https://www.sumo.or.jp/img/sumo_data/rikishi/270x474/20160054.jpg
3718,2000-05-11,https://www.sumo.or.jp/img/sumo_data/rikishi/270x474/20160055.jpg
3719,2000-04-12,https://www.sumo.or.jp/img/sumo_data/rikishi/270x474/20160056.jpg
3724,2000-07-25,https://www.sumo.or.jp/img/sumo_data/rikishi/270x474/20160063.jpg
3727,2000-04-26,https://www.sumo.or.jp/img/sumo_data/rikishi/270x474/20160066.jpg
3729,1993-09-28,https://www.sumo.or.jp/img/sumo_data/rikishi/270x474/20160068.jpg
3731,2000-02-02,https://www.sumo.or.jp/img/sumo_data/rikishi/270x474/20160070.jpg
3733,1993-06-27,https://www.sumo.or.jp/img/sumo_data/rikishi/270x474/20160072.jpg
3734,1997-02-11,https://www.sumo.or.jp/img/sumo_data/rikishi/270x474/20160073.jpg
3735,1996-03-08,https://www.sumo.or.jp/img/sumo_data/rikishi/270x474/20160074.jpg
3736,2000-07-26,https://www.sumo.or.jp/img/sumo_data/rikishi/270x474/20160075.jpg
3737,1998-02-28,https://www.sumo.or.jp/img/sumo_data/rikishi/270x474/20160076.jpg
3739,2001-01-30,https://www.sumo.or.jp/img/sumo_data/rikishi/270x474/20160078.jpg
3742,1996-07-22,https://www.sumo.or.jp/img/sumo_data/rikishi/270x474/20160081.jpg
3743,1996-08-30,https://www.sumo.or.jp/img/sumo_data/rikishi/270x474/20160082.jpg
3744,1998-07-02,https://www.sumo.or.jp/img/sumo_data/rikishi/270x474/20160083.jpg
3746,1999-01-26,https://www.sumo.or.jp/img/sumo_data/rikishi/270x474/20160085.jpg
3748,1998-11-13,https://www.sumo.or.jp/img/sumo_data/rikishi/270x474/20160087.jpg
3753,1993-10-01,https://www.sumo.or.jp/img/sumo_data/rikishi/270x474/20170002.jpg
3754,1999-01-21,https://www.sumo.or.jp/img/sumo_data/rikishi/270x474/20170003.jpg
3756,1998-09-25,https://www.sumo.or.jp/img/sumo_data/rikishi/270x474/20170005.jpg
3758,1998-06-23,https://www.sumo.or.jp/img/sumo_data/rikishi/270x474/20170007.jpg
3760,1992-06-01,https://www.sumo.or.jp/img/sumo_data/rikishi/270x474/20170010.jpg
3761,1994-12-06,https://www.sumo.or.jp/img/sumo_data/rikishi/270x474/20170011.jpg
3762,1995-03-23,https://www.sumo.or.jp/img/sumo_data/rikishi/270x474/20170012.jpg
3763,1999-01-09,https://www.sumo.or.jp/img/sumo_data/rikishi/270x474/20170013.jpg
3764,1998-06-27,https://www.sumo.or.jp/img/sumo_data/rikishi/270x474/20170014.jpg
3765,2001-12-10,https://www.sumo.or.jp/img/sumo_data/rikishi/270x474/20170015.jpg
3766,1994-08-08,https://www.sumo.or.jp/img/sumo_data/rikishi/270x474/20170016.jpg
3769,1998-11-21,https://www.sumo.or.jp/img/sumo_data/rikishi/270x474/20170019.jpg
3770,1994-05-12,https://www.sumo.or.jp/img/sumo_data/rikishi/270x474/20170020.jpg
3772,2001-08-08,https://www.sumo.or.jp/img/sumo_data/rikishi/270x474/20170022.jpg
3775,2002-01-24,https://www.sumo.or.jp/img/sumo_data/rikishi/270x474/20170025.jpg
3776,2001-04-21,https://www.sumo.or.jp/img/sumo_data/rikishi/270x474/20170026.jpg
3779,2001-08-01,https://www.sumo.or.jp/img/sumo_data/rikishi/270x474/20170029.jpg
3780,2001-07-03,https://www.sumo.or.jp/img/sumo_data/rikishi/270x474/20170030.jpg
3782,1998-08-10,https://www.sumo.or.jp/img/sumo_data/rikishi/270x474/20170032.jpg
3784,1998-12-25,https://www.sumo.or.jp/img/sumo_data/rikishi/270x474/20170034.jpg
3786,1999-12-09,https://www.sumo.or.jp/img/sumo_data/rikishi/270x474/20170036.jpg
3789,2001-12-26,https://www.sumo.or.jp/img/sumo_data/rikishi/270x474/20170039.jpg
3791,2001-09-25,https://www.sumo.or.jp/img/sumo_data/rikishi/270x474/20170041.jpg
3793,2001-07-06,https://www.sumo.or.jp/img/sumo_data/rikishi/270x474/20170043.jpg
3794,2001-07-16,https://www.sumo.or.jp/img/sumo_data/rikishi/270x474/20170044.jpg
3795,1998-04-14,https://www.sumo.or.jp/img/sumo_data/rikishi/270x474/20170045.jpg
3796,2001-05-01,https://www.sumo.or.jp/img/sumo_data/rikishi/270x474/20170046.jpg
3797,1994-04-25,https://www.sumo.or.jp/img/sumo_data/rikishi/270x474/20170047.jpg
3799,2001-11-10,https://www.sumo.or.jp/img/sumo_data/rikishi/270x474/20170049.jpg
3800,2001-02-23,https://www.sumo.or.jp/img/sumo_data/rikishi/270x474/20170050.jpg
3802,2001-05-11,https://www.sumo.or.jp/img/sumo_data/rikishi/270x474/20170052.jpg
3803,1994-10-18,https://www.sumo.or.jp/img/sumo_data/rikishi/270x474/20170053.jpg
3804,2001-07-21,https://www.sumo.or.jp/img/sumo_data/rikishi/270x474/20170054.jpg
3805,2001-04-10,https://www.sumo.or.jp/img/sumo_data/rikishi/270x474/20170055.jpg
3807,1995-08-19,https://www.sumo.or.jp/img/sumo_data/rikishi/270x474/20170057.jpg
3809,2002-02-19,https://www.sumo.or.jp/img/sumo_data/rikishi/270x474/20170059.jpg
3810,2002-03-26,https://www.sumo.or.jp/img/sumo_data/rikishi/270x474/20170060.jpg
3812,2001-05-25,https://www.sumo.or.jp/img/sumo_data/rikishi/270x474/20170062.jpg
3816,1994-07-08,https://www.sumo.or.jp/img/sumo_data/rikishi/270x474/20170069.jpg
3817,1998-11-22,https://www.sumo.or.jp/img/sumo_data/rikishi/270x474/20170070.jpg
3818,1994-12-02,https://www.sumo.or.jp/img/sumo_data/rikishi/270x474/20170071.jpg
3823,1994-08-25,https://www.sumo.or.jp/img/sumo_data/rikishi/270x474/20170077.jpg
3826,1998-07-15,https://www.sumo.or.jp/img/sumo_data/rikishi/270x474/20170080.jpg
3827,1998-09-01,https://www.sumo.or.jp/img/sumo_data/rikishi/270x474/20170081.jpg
3828,2001-09-02,https://www.sumo.or.jp/img/sumo_data/rikishi/270x474/20170082.jpg
3829,2000-07-17,https://www.sumo.or.jp/img/sumo_data/rikishi/270x474/20170083.jpg
3837,1999-10-11,https://www.sumo.or.jp/img/sumo_data/rikishi/270x474/20170091.jpg
3839,1999-10-12,https://www.sumo.or.jp/img/sumo_data/rikishi/270x474/20170093.jpg
3840,1999-08-26,https://www.sumo.or.jp/img/sumo_data/rikishi/270x474/20170094.jpg
3842,1999-05-22,https://www.sumo.or.jp/img/sumo_data/rikishi/270x474/20170096.jpg
3843,1999-05-18,https://www.sumo.or.jp/img/sumo_data/rikishi/270x474/20180001.jpg
3844,2000-02-14,https://www.sumo.or.jp/img/sumo_data/rikishi/270x474/20180002.jpg
3846,1999-05-23,https://www.sumo.or.jp/img/sumo_data/rikishi/270x474/20180004.jpg
3847,1999-11-28,https://www.sumo.or.jp/img/sumo_data/rikishi/270x474/20180005.jpg
3848,1995-10-19,https://www.sumo.or.jp/img/sumo_data/rikishi/270x474/20180006.jpg
3849,1999-11-09,https://www.sumo.or.jp/img/sumo_data/rikishi/270x474/20180007.jpg
3852,2002-06-18,https://www.sumo.or.jp/img/sumo_data/rikishi/270x474/20180010.jpg
3853,2000-01-01,https://www.sumo.or.jp/img/sumo_data/rikishi/270x474/20180011.jpg
3854,2000-01-19,https://www.sumo.or.jp/img/sumo_data/rikishi/270x474/20180012.jpg
3856,1999-11-22,https://www.sumo.or.jp/img/sumo_data/rikishi/270x474/20180014.jpg
3857,2002-04-06,https://www.sumo.or.jp/img/sumo_data/rikishi/270x474/20180015.jpg
3859,2003-01-09,https://www.sumo.or.jp/img/sumo_data/rikishi/270x474/20180017.jpg
3860,2002-10-24,https://www.sumo.or.jp/img/sumo_data/rikishi/270x474/20180018.jpg
3861,1995-05-05,https://www.sumo.or.jp/img/sumo_data/rikishi/270x474/20180019.jpg
3863,2002-05-29,https://www.sumo.or.jp/img/sumo_data/rikishi/270x474/20180021.jpg
3864,1999-12-21,https://www.sumo.or.jp/img/sumo_data/rikishi/270x474/20180022.jpg
3865,2002-06-21,https://www.sumo.or.jp/img/sumo_data/rikishi/270x474/20180023.jpg
3866,1995-04-04,https://www.sumo.or.jp/img/sumo_data/rikishi/270x474/20180024.jpg
3867,2000-04-03,https://www.sumo.or.jp/img/sumo_data/rikishi/270x474/20180025.jpg
3868,2002-12-14,https://www.sumo.or.jp/img/sumo_data/rikishi/270x474/20180026.jpg
3869,2002-11-16,https://www.sumo.or.jp/img/sumo_data/rikishi/270x474/20180027.jpg
3870,2000-01-19,https://www.sumo.or.jp/img/sumo_data/rikishi/270x474/20180028.jpg
3871,2002-10-01,https://www.sumo.or.jp/img/sumo_data/rikishi/270x474/20180029.jpg
3872,2003-01-17,https://www.sumo.or.jp/img/sumo_data/rikishi/270x474/20180030.jpg
3873,2002-11-15,https://www.sumo.or.jp/img/sumo_data/rikishi/270x474/20180031.jpg
3875,1995-06-22,https://www.sumo.or.jp/img/sumo_data/rikishi/270x474/20180033.jpg
3876,2003-01-13,https://www.sumo.or.jp/img/sumo_data/rikishi/270x474/20180034.jpg
3877,1999-10-10,https://www.sumo.or.jp/img/sumo_data/rikishi/270x474/20180035.jpg
3878,2003-03-24,https://www.sumo.or.jp/img/sumo_data/rikishi/270x474/20180036.jpg
3879,2002-09-11,https://www.sumo.or.jp/img/sumo_data/rikishi/270x474/20180037.jpg
3880,2002-10-25,https://www.sumo.or.jp/img/sumo_data/rikishi/270x474/20180038.jpg
3881,2002-06-15,https://www.sumo.or.jp/img/sumo_data/rikishi/270x474/20180039.jpg
3882,2002-08-06,https://www.sumo.or.jp/img/sumo_data/rikishi/270x474/20180040.jpg
3884,2002-07-29,https://www.sumo.or.jp/img/sumo_data/rikishi/270x474/20180042.jpg
3886,1999-10-24,https://www.sumo.or.jp/img/sumo_data/rikishi/270x474/20180044.jpg
3889,2002-06-21,https://www.sumo.or.jp/img/sumo_data/rikishi/270x474/20180047.jpg
3890,1999-01-30,https://www.sumo.or.jp/img/sumo_data/rikishi/270x474/20180048.jpg
3891,2002-09-19,https://www.sumo.or.jp/img/sumo_data/rikishi/270x474/20180049.jpg
3895,2003-02-09,https://www.sumo.or.jp/img/sumo_data/rikishi/270x474/20180055.jpg
3897,1999-04-08,https://www.sumo.or.jp/img/sumo_data/rikishi/270x474/20180057.jpg
3898,2001-09-03,https://www.sumo.or.jp/img/sumo_data/rikishi/270x474/20180058.jpg
3900,1998-11-02,https://www.sumo.or.jp/img/sumo_data/rikishi/270x474/20180060.jpg
3901,2001-08-17,https://www.sumo.or.jp/img/sumo_data/rikishi/270x474/20180061.jpg
3902,2001-04-24,https://www.sumo.or.jp/img/sumo_data/rikishi/270x474/20180062.jpg
3903,1998-08-20,https://www.sumo.or.jp/img/sumo_data/rikishi/270x474/20180063.jpg
3906,2002-01-24,https://www.sumo.or.jp/img/sumo_data/rikishi/270x474/20180066.jpg
3907,1999-03-02,https://www.sumo.or.jp/img/sumo_data/rikishi/270x474/20180068.jpg
3908,2002-04-11,https://www.sumo.or.jp/img/sumo_data/rikishi/270x474/20180069.jpg
3909,2002-09-16,https://www.sumo.or.jp/img/sumo_data/rikishi/270x474/20180070.jpg
3910,2000-01-09,https://www.sumo.or.jp/img/sumo_data/rikishi/270x474/20180071.jpg
3914,2000-08-20,https://www.sumo.or.jp/img/sumo_data/rikishi/270x474/20180075.jpg
3915,2001-03-06,https://www.sumo.or.jp/img/sumo_data/rikishi/270x474/20180076.jpg
3916,2001-01-25,https://www.sumo.or.jp/img/sumo_data/rikishi/270x474/20190001.jpg
3917,2000-08-18,https://www.sumo.or.jp/img/sumo_data/rikishi/270x474/20190002.jpg
3918,2001-03-01,https://www.sumo.or.jp/img/sumo_data/rikishi/270x474/20190003.jpg
3919,2000-08-09,https://www.sumo.or.jp/img/sumo_data/rikishi/270x474/20190004.jpg
3921,2000-05-18,https://www.sumo.or.jp/img/sumo_data/rikishi/270x474/20190006.jpg
3922,2001-01-11,https://www.sumo.or.jp/img/sumo_data/rikishi/270x474/20190007.jpg
3923,2000-12-26,https://www.sumo.or.jp/img/sumo_data/rikishi/270x474/20190008.jpg
3924,2000-08-01,https://www.sumo.or.jp/img/sumo_data/rikishi/270x474/20190009.jpg
3925,2000-07-26,https://www.sumo.or.jp/img/sumo_data/rikishi/270x474/20190010.jpg
3926,2003-11-08,https://www.sumo.or.jp/img/sumo_data/rikishi/270x474/20190013.jpg
3927,2003-08-01,https://www.sumo.or.jp/img/sumo_data/rikishi/270x474/20190014.jpg
3928,2001-02-07,https://www.sumo.or.jp/img/sumo_data/rikishi/270x474/20190015.jpg
3930,2000-05-18,https://www.sumo.or.jp/img/sumo_data/rikishi/270x474/20190017.jpg
3931,2003-04-03,https://www.sumo.or.jp/img/sumo_data/rikishi/270x474/20190018.jpg
3932,2000-07-08,https://www.sumo.or.jp/img/sumo_data/rikishi/270x474/20190019.jpg
3933,1996-08-25,https://www.sumo.or.jp/img/sumo_data/rikishi/270x474/20190020.jpg
3935,2000-05-25,https://www.sumo.or.jp/img/sumo_data/rikishi/270x474/20190022.jpg
3936,2000-04-25,https://www.sumo.or.jp/img/sumo_data/rikishi/270x474/20190023.jpg
3937,2000-09-30,https://www.sumo.or.jp/img/sumo_data/rikishi/270x474/20190024.jpg
3939,2000-11-12,https://www.sumo.or.jp/img/sumo_data/rikishi/270x474/20190026.jpg
3940,2003-11-28,https://www.sumo.or.jp/img/sumo_data/rikishi/270x474/20190027.jpg
3941,2004-01-13,https://www.sumo.or.jp/img/sumo_data/rikishi/270x474/20190028.jpg
3942,2003-04-21,https://www.sumo.or.jp/img/sumo_data/rikishi/270x474/20190029.jpg
3943,2000-05-27,https://www.sumo.or.jp/img/sumo_data/rikishi/270x474/20190030.jpg
3944,2004-02-13,https://www.sumo.or.jp/img/sumo_data/rikishi/270x474/20190031.jpg
3945,2003-07-23,https://www.sumo.or.jp/img/sumo_data/rikishi/270x474/20190032.jpg
3946,2003-08-04,https://www.sumo.or.jp/img/sumo_data/rikishi/270x474/20190033.jpg
3947,2003-05-21,https://www.sumo.or.jp/img/sumo_data/rikishi/270x474/20190034.jpg
3948,1999-03-26,https://www.sumo.or.jp/img/sumo_data/rikishi/270x474/20190035.jpg
3949,2001-01-04,https://www.sumo.or.jp/img/sumo_data/rikishi/270x474/20190036.jpg
3950,2003-10-23,https://www.sumo.or.jp/img/sumo_data/rikishi/270x474/20190037.jpg
3951,2003-06-14,https://www.sumo.or.jp/img/sumo_data/rikishi/270x474/20190038.jpg
3952,2003-10-06,https://www.sumo.or.jp/img/sumo_data/rikishi/270x474/20190039.jpg
3953,2004-01-15,https://www.sumo.or.jp/img/sumo_data/rikishi/270x474/20190040.jpg
3954,2000-03-09,https://www.sumo.or.jp/img/sumo_data/rikishi/270x474/20190041.jpg
3955,2000-07-29,https://www.sumo.or.jp/img/sumo_data/rikishi/270x474/20190042.jpg
3956,2003-08-22,https://www.sumo.or.jp/img/sumo_data/rikishi/270x474/20190043.jpg
3957,2000-09-13,https://www.sumo.or.jp/img/sumo_data/rikishi/270x474/20190044.jpg
3958,2003-10-28,https://www.sumo.or.jp/img/sumo_data/rikishi/270x474/20190045.jpg
3959,2000-10-21,https://www.sumo.or.jp/img/sumo_data/rikishi/270x474/20190046.jpg
3960,2004-02-07,https://www.sumo.or.jp/img/sumo_data/rikishi/270x474/20190047.jpg
3962,2003-10-21,https://www.sumo.or.jp/img/sumo_data/rikishi/270x474/20190049.jpg
3963,2003-09-26,https://www.sumo.or.jp/img/sumo_data/rikishi/270x474/20190050.jpg
3965,2001-04-12,https://www.sumo.or.jp/img/sumo_data/rikishi/270x474/20190052.jpg
3966,2003-04-15,https://www.sumo.or.jp/img/sumo_data/rikishi/270x474/20190056.jpg
3967,2000-05-23,https://www.sumo.or.jp/img/sumo_data/rikishi/270x474/20190057.jpg
3969,1996-04-17,https://www.sumo.or.jp/img/sumo_data/rikishi/270x474/20190059.jpg
3970,2000-09-09,https://www.sumo.or.jp/img/sumo_data/rikishi/270x474/20190060.jpg
3971,2000-09-18,https://www.sumo.or.jp/img/sumo_data/rikishi/270x474/20190061.jpg
3973,2003-11-14,https://www.sumo.or.jp/img/sumo_data/rikishi/270x474/20190063.jpg
3974,1997-03-15,https://www.sumo.or.jp/img/sumo_data/rikishi/270x474/20190064.jpg
3975,2000-12-12,https://www.sumo.or.jp/img/sumo_data/rikishi/270x474/20190065.jpg
3976,1999-02-02,https://www.sumo.or.jp/img/sumo_data/rikishi/270x474/20190066.jpg
3978,1996-04-22,https://www.sumo.or.jp/img/sumo_data/rikishi/270x474/20190068.jpg
3979,2003-06-18,https://www.sumo.or.jp/img/sumo_data/rikishi/270x474/20190069.jpg
3981,2003-04-30,https://www.sumo.or.jp/img/sumo_data/rikishi/270x474/20190071.jpg
3983,2001-03-07,https://www.sumo.or.jp/img/sumo_data/rikishi/270x474/20190073.jpg
3984,2001-09-18,https://www.sumo.or.jp/img/sumo_data/rikishi/270x474/20190074.jpg
3985,2000-05-31,https://www.sumo.or.jp/img/sumo_data/rikishi/270x474/20190075.jpg
3987,2001-12-06,https://www.sumo.or.jp/img/sumo_data/rikishi/270x474/20200002.jpg
3988,2002-02-22,https://www.sumo.or.jp/img/sumo_data/rikishi/270x474/20200003.jpg
3989,2002-02-06,https://www.sumo.or.jp/img/sumo_data/rikishi/270x474/20200004.jpg
3990,1997-01-16,https://www.sumo.or.jp/img/sumo_data/rikishi/270x474/20200005.jpg
3991,2001-05-18,https://www.sumo.or.jp/img/sumo_data/rikishi/270x474/20200006.jpg
3992,2001-12-01,https://www.sumo.or.jp/img/sumo_data/rikishi/270x474/20200007.jpg
3995,2001-12-21,https://www.sumo.or.jp/img/sumo_data/rikishi/270x474/20200010.jpg
3997,2005-01-08,https://www.sumo.or.jp/img/sumo_data/rikishi/270x474/20200014.jpg
3999,2004-10-14,https://www.sumo.or.jp/img/sumo_data/rikishi/270x474/20200016.jpg
4000,2005-01-23,https://www.sumo.or.jp/img/sumo_data/rikishi/270x474/20200017.jpg
4001,1997-09-10,https://www.sumo.or.jp/img/sumo_data/rikishi/270x474/20200018.jpg
4002,1998-01-10,https://www.sumo.or.jp/img/sumo_data/rikishi/270x474/20200019.jpg
4003,2004-04-02,https://www.sumo.or.jp/img/sumo_data/rikishi/270x474/20200020.jpg
4004,2001-08-10,https://www.sumo.or.jp/img/sumo_data/rikishi/270x474/20200021.jpg
4005,2004-12-23,https://www.sumo.or.jp/img/sumo_data/rikishi/270x474/20200022.jpg
4006,2004-06-21,https://www.sumo.or.jp/img/sumo_data/rikishi/270x474/20200023.jpg
4008,2004-06-11,https://www.sumo.or.jp/img/sumo_data/rikishi/270x474/20200025.jpg
4009,1995-03-08,https://www.sumo.or.jp/img/sumo_data/rikishi/270x474/20200026.jpg
4011,2005-03-15,https://www.sumo.or.jp/img/sumo_data/rikishi/270x474/20200028.jpg
4014,2005-03-01,https://www.sumo.or.jp/img/sumo_data/rikishi/270x474/20200031.jpg
4015,2005-03-31,https://www.sumo.or.jp/img/sumo_data/rikishi/270x474/20200032.jpg
4016,2002-03-14,https://www.sumo.or.jp/img/sumo_data/rikishi/270x474/20200033.jpg
4017,2005-03-14,https://www.sumo.or.jp/img/sumo_data/rikishi/270x474/20200034.jpg
4018,2004-05-04,https://www.sumo.or.jp/img/sumo_data/rikishi/270x474/20200035.jpg
4019,2004-09-03,https://www.sumo.or.jp/img/sumo_data/rikishi/270x474/20200036.jpg
4020,2001-04-15,https://www.sumo.or.jp/img/sumo_data/rikishi/270x474/20200037.jpg
4021,2004-06-23,https://www.sumo.or.jp/img/sumo_data/rikishi/270x474/20200038.jpg
4022,2005-01-05,https://www.sumo.or.jp/img/sumo_data/rikishi/270x474/20200039.jpg
4023,2004-07-08,https://www.sumo.or.jp/img/sumo_data/rikishi/270x474/20200040.jpg
4024,2005-01-26,https://www.sumo.or.jp/img/sumo_data/rikishi/270x474/20200041.jpg
4025,2001-05-12,https://www.sumo.or.jp/img/sumo_data/rikishi/270x474/20200042.jpg
4026,2005-02-04,https://www.sumo.or.jp/img/sumo_data/rikishi/270x474/20200043.jpg
4027,2005-03-24,https://www.sumo.or.jp/img/sumo_data/rikishi/270x474/20200044.jpg
4028,2001-11-22,https://www.sumo.or.jp/img/sumo_data/rikishi/270x474/20200045.jpg
4029,2003-06-12,https://www.sumo.or.jp/img/sumo_data/rikishi/270x474/20200046.jpg
4030,2004-09-15,https://www.sumo.or.jp/img/sumo_data/rikishi/270x474/20200047.jpg
4031,2005-01-20,https://www.sumo.or.jp/img/sumo_data/rikishi/270x474/20200048.jpg
4032,2004-10-24,https://www.sumo.or.jp/img/sumo_data/rikishi/270x474/20200049.jpg
4033,2001-04-13,https://www.sumo.or.jp/img/sumo_data/rikishi/270x474/20200050.jpg
4034,2004-10-05,https://www.sumo.or.jp/img/sumo_data/rikishi/270x474/20200051.jpg
4035,2001-10-17,https://www.sumo.or.jp/img/sumo_data/rikishi/270x474/20200052.jpg
4036,2002-01-20,https://www.sumo.or.jp/img/sumo_data/rikishi/270x474/20200053.jpg
4037,2001-11-12,https://www.sumo.or.jp/img/sumo_data/rikishi/270x474/20200054.jpg
4038,2005-03-09,https://www.sumo.or.jp/img/sumo_data/rikishi/270x474/20200055.jpg
4040,1997-06-16,https://www.sumo.or.jp/img/sumo_data/rikishi/270x474/20200057.jpg
4041,2001-10-01,https://www.sumo.or.jp/img/sumo_data/rikishi/270x474/20200060.jpg
4042,2004-12-06,https://www.sumo.or.jp/img/sumo_data/rikishi/270x474/20200061.jpg
4043,2003-04-03,https://www.sumo.or.jp/img/sumo_data/rikishi/270x474/20200062.jpg
4044,2004-09-02,https://www.sumo.or.jp/img/sumo_data/rikishi/270x474/20200063.jpg
4045,2001-02-16,https://www.sumo.or.jp/img/sumo_data/rikishi/270x474/20200064.jpg
4046,2001-09-03,https://www.sumo.or.jp/img/sumo_data/rikishi/270x474/20200065.jpg
4047,1997-08-09,https://www.sumo.or.jp/img/sumo_data/rikishi/270x474/20200066.jpg
4048,2004-12-19,https://www.sumo.or.jp/img/sumo_data/rikishi/270x474/20200067.jpg
4049,2002-02-20,https://www.sumo.or.jp/img/sumo_data/rikishi/270x474/20200068.jpg
4050,2001-05-17,https://www.sumo.or.jp/img/sumo_data/rikishi/270x474/20200069.jpg
4051,1996-10-26,https://www.sumo.or.jp/img/sumo_data/rikishi/270x474/20200070.jpg
4052,2002-05-08,https://www.sumo.or.jp/img/sumo_data/rikishi/270x474/20200071.jpg
4053,1999-01-18,https://www.sumo.or.jp/img/sumo_data/rikishi/270x474/20200072.jpg
4054,2003-02-04,https://www.sumo.or.jp/img/sumo_data/rikishi/270x474/20200073.jpg
4055,2002-09-03,https://www.sumo.or.jp/img/sumo_data/rikishi/270x474/20200074.jpg
4056,2000-10-15,https://www.sumo.or.jp/img/sumo_data/rikishi/270x474/20200075.jpg
4057,2002-06-06,https://www.sumo.or.jp/img/sumo_data/rikishi/270x474/20210001.jpg
4058,2002-05-12,https://www.sumo.or.jp/img/sumo_data/rikishi/270x474/20210002.jpg
4059,2004-04-05,https://www.sumo.or.jp/img/sumo_data/rikishi/270x474/20210003.jpg
4060,2005-07-24,https://www.sumo.or.jp/img/sumo_data/rikishi/270x474/20210004.jpg
4061,2006-02-28,https://www.sumo.or.jp/img/sumo_data/rikishi/270x474/20210005.jpg
4062,2002-11-07,https://www.sumo.or.jp/img/sumo_data/rikishi/270x474/20210006.jpg
4063,2005-07-03,https://www.sumo.or.jp/img/sumo_data/rikishi/270x474/20210007.jpg
4064,2005-12-22,https://www.sumo.or.jp/img/sumo_data/rikishi/270x474/20210008.jpg
4065,1999-01-11,https://www.sumo.or.jp/img/sumo_data/rikishi/270x474/20210009.jpg
4066,2002-12-04,https://www.sumo.or.jp/img/sumo_data/rikishi/270x474/20210010.jpg
4067,2001-07-20,https://www.sumo.or.jp/img/sumo_data/rikishi/270x474/20210011.jpg
4068,2005-05-19,https://www.sumo.or.jp/img/sumo_data/rikishi/270x474/20210012.jpg
4070,2005-06-14,https://www.sumo.or.jp/img/sumo_data/rikishi/270x474/20210014.jpg
4071,2002-10-24,https://www.sumo.or.jp/img/sumo_data/rikishi/270x474/20210015.jpg
4072,2005-08-03,https://www.sumo.or.jp/img/sumo_data/rikishi/270x474/20210016.jpg
4075,2005-07-23,https://www.sumo.or.jp/img/sumo_data/rikishi/270x474/20210019.jpg
4077,1998-11-19,https://www.sumo.or.jp/img/sumo_data/rikishi/270x474/20210021.jpg
4078,2002-06-22,https://www.sumo.or.jp/img/sumo_data/rikishi/270x474/20210022.jpg
4079,1998-04-07,https://www.sumo.or.jp/img/sumo_data/rikishi/270x474/20210023.jpg
4080,2003-03-18,https://www.sumo.or.jp/img/sumo_data/rikishi/270x474/20210024.jpg
4081,2002-08-07,https://www.sumo.or.jp/img/sumo_data/rikishi/270x474/20210025.jpg
4082,2005-12-02,https://www.sumo.or.jp/img/sumo_data/rikishi/270x474/20210026.jpg
4083,2005-12-09,https://www.sumo.or.jp/img/sumo_data/rikishi/270x474/20210027.jpg
4084,2005-07-01,https://www.sumo.or.jp/img/sumo_data/rikishi/270x474/20210028.jpg
4086,2003-03-23,https://www.sumo.or.jp/img/sumo_data/rikishi/270x474/20210030.jpg
4087,2002-07-08,https://www.sumo.or.jp/img/sumo_data/rikishi/270x474/20210031.jpg
4088,2002-10-22,https://www.sumo.or.jp/img/sumo_data/rikishi/270x474/20210032.jpg
4089,2002-11-03,https://www.sumo.or.jp/img/sumo_data/rikishi/270x474/20210033.jpg
4090,1999-03-01,https://www.sumo.or.jp/img/sumo_data/rikishi/270x474/20210034.jpg
4091,2003-01-07,https://www.sumo.or.jp/img/sumo_data/rikishi/270x474/20210035.jpg
4092,2002-11-18,https://www.sumo.or.jp/img/sumo_data/rikishi/270x474/20210036.jpg
4093,1997-12-05,https://www.sumo.or.jp/img/sumo_data/rikishi/270x474/20210037.jpg
4094,1998-11-23,https://www.sumo.or.jp/img/sumo_data/rikishi/270x474/20210038.jpg
4095,1997-08-14,https://www.sumo.or.jp/img/sumo_data/rikishi/270x474/20210040.jpg
4096,2006-01-11,https://www.sumo.or.jp/img/sumo_data/rikishi/270x474/20210041.jpg
4097,2005-05-14,https://www.sumo.or.jp/img/sumo_data/rikishi/270x474/20210042.jpg
4098,2005-05-19,https://www.sumo.or.jp/img/sumo_data/rikishi/270x474/20210043.jpg
4099,2002-06-09,https://www.sumo.or.jp/img/sumo_data/rikishi/270x474/20210044.jpg
4100,2002-09-07,https://www.sumo.or.jp/img/sumo_data/rikishi/270x474/20210045.jpg
4101,1998-09-24,https://www.sumo.or.jp/img/sumo_data/rikishi/270x474/20210046.jpg
4102,2002-10-31,https://www.sumo.or.jp/img/sumo_data/rikishi/270x474/20210047.jpg
4103,2005-04-10,https://www.sumo.or.jp/img/sumo_data/rikishi/270x474/20210048.jpg
4104,1999-01-30,https://www.sumo.or.jp/img/sumo_data/rikishi/270x474/20210049.jpg
4105,2004-10-05,https://www.sumo.or.jp/img/sumo_data/rikishi/270x474/20210050.jpg
4106,2003-01-31,https://www.sumo.or.jp/img/sumo_data/rikishi/270x474/20210051.jpg
4107,1997-05-21,https://www.sumo.or.jp/img/sumo_data/rikishi/270x474/20210052.jpg
4108,1997-04-09,https://www.sumo.or.jp/img/sumo_data/rikishi/270x474/20210053.jpg
4109,2003-06-22,https://www.sumo.or.jp/img/sumo_data/rikishi/270x474/20210054.jpg
4110,2005-12-12,https://www.sumo.or.jp/img/sumo_data/rikishi/270x474/20210055.jpg
4111,2005-12-02,https://www.sumo.or.jp/img/sumo_data/rikishi/270x474/20210056.jpg
4112,1997-06-24,https://www.sumo.or.jp/img/sumo_data/rikishi/270x474/20210057.jpg
4113,1997-04-09,https://www.sumo.or.jp/img/sumo_data/rikishi/270x474/20210058.jpg
4114,2003-11-12,https://www.sumo.or.jp/img/sumo_data/rikishi/270x474/20210059.jpg
4115,2004-01-19,https://www.sumo.or.jp/img/sumo_data/rikishi/270x474/20210060.jpg
4116,2000-05-22,https://www.sumo.or.jp/img/sumo_data/rikishi/270x474/20210061.jpg
4117,2003-06-28,https://www.sumo.or.jp/img/sumo_data/rikishi/270x474/20210062.jpg
4118,2003-04-15,https://www.sumo.or.jp/img/sumo_data/rikishi/270x474/20220001.jpg
4119,1999-08-06,https://www.sumo.or.jp/img/sumo_data/rikishi/270x474/20220002.jpg
4120,2003-07-08,https://www.sumo.or.jp/img/sumo_data/rikishi/270x474/20220003.jpg
4121,2003-08-22,https://www.sumo.or.jp/img/sumo_data/rikishi/270x474/20220004.jpg
4122,1999-07-05,https://www.sumo.or.jp/img/sumo_data/rikishi/270x474/20220005.jpg
4123,1999-07-24,https://www.sumo.or.jp/img/sumo_data/rikishi/270x474/20220008.jpg
4124,1999-11-05,https://www.sumo.or.jp/img/sumo_data/rikishi/270x474/20220009.jpg
4125,2006-08-15,https://www.sumo.or.jp/img/sumo_data/rikishi/270x474/20220010.jpg
4126,2006-08-09,https://www.sumo.or.jp/img/sumo_data/rikishi/270x474/20220011.jpg
4127,2003-06-20,https://www.sumo.or.jp/img/sumo_data/rikishi/270x474/20220012.jpg
4128,2004-03-12,https://www.sumo.or.jp/img/sumo_data/rikishi/270x474/20220013.jpg
4129,2003-06-03,https://www.sumo.or.jp/img/sumo_data/rikishi/270x474/20220014.jpg
4130,2003-06-20,https://www.sumo.or.jp/img/sumo_data/rikishi/270x474/20220015.jpg
4131,1999-06-29,https://www.sumo.or.jp/img/sumo_data/rikishi/270x474/20220016.jpg
4132,2004-03-17,https://www.sumo.or.jp/img/sumo_data/rikishi/270x474/20220017.jpg
4133,2003-06-19,https://www.sumo.or.jp/img/sumo_data/rikishi/270x474/20220018.jpg
4134,2006-12-28,https://www.sumo.or.jp/img/sumo_data/rikishi/270x474/20220019.jpg
4135,2003-08-13,https://www.sumo.or.jp/img/sumo_data/rikishi/270x474/20220020.jpg
4136,2003-10-16,https://www.sumo.or.jp/img/sumo_data/rikishi/270x474/20220021.jpg
4137,2006-06-13,https://www.sumo.or.jp/img/sumo_data/rikishi/270x474/20220022.jpg
4138,2003-04-04,https://www.sumo.or.jp/img/sumo_data/rikishi/270x474/20220023.jpg
4139,2006-10-26,https://www.sumo.or.jp/img/sumo_data/rikishi/270x474/20220024.jpg
4140,2003-12-06,https://www.sumo.or.jp/img/sumo_data/rikishi/270x474/20220025.jpg
4141,2006-10-17,https://www.sumo.or.jp/img/sumo_data/rikishi/270x474/20220026.jpg
4142,2006-06-05,https://www.sumo.or.jp/img/sumo_data/rikishi/270x474/20220027.jpg
4143,2003-09-17,https://www.sumo.or.jp/img/sumo_data/rikishi/270x474/20220028.jpg
4144,2003-09-01,https://www.sumo.or.jp/img/sumo_data/rikishi/270x474/20220029.jpg
4145,2006-07-07,https://www.sumo.or.jp/img/sumo_data/rikishi/270x474/20220030.jpg
4146,2004-01-03,https://www.sumo.or.jp/img/sumo_data/rikishi/270x474/20220031.jpg
4147,2002-09-02,https://www.sumo.or.jp/img/sumo_data/rikishi/270x474/20220032.jpg
4148,2006-07-04,https://www.sumo.or.jp/img/sumo_data/rikishi/270x474/20220033.jpg
4149,2006-07-04,https://www.sumo.or.jp/img/sumo_data/rikishi/270x474/20220034.jpg
4150,2006-07-25,https://www.sumo.or.jp/img/sumo_data/rikishi/270x474/20220035.jpg
4151,2006-07-16,https://www.sumo.or.jp/img/sumo_data/rikishi/270x474/20220036.jpg
4152,2003-08-21,https://www.sumo.or.jp/img/sumo_data/rikishi/270x474/20220037.jpg
4153,2003-05-07,https://www.sumo.or.jp/img/sumo_data/rikishi/270x474/20220038.jpg
4154,2000-02-16,https://www.sumo.or.jp/img/sumo_data/rikishi/270x474/20220039.jpg
4155,2006-07-16,https://www.sumo.or.jp/img/sumo_data/rikishi/270x474/20220040.jpg
4156,2006-07-06,https://www.sumo.or.jp/img/sumo_data/rikishi/270x474/20220041.jpg
4158,1999-06-04,https://www.sumo.or.jp/img/sumo_data/rikishi/270x474/20220043.jpg
4159,2006-04-18,https://www.sumo.or.jp/img/sumo_data/rikishi/270x474/20220044.jpg
4160,1997-09-23,https://www.sumo.or.jp/img/sumo_data/rikishi/270x474/20220047.jpg
4161,2006-02-15,https://www.sumo.or.jp/img/sumo_data/rikishi/270x474/20220048.jpg
4162,1999-04-16,https://www.sumo.or.jp/img/sumo_data/rikishi/270x474/20220049.jpg
4163,2005-03-18,https://www.sumo.or.jp/img/sumo_data/rikishi/270x474/20220050.jpg
4164,1999-05-25,https://www.sumo.or.jp/img/sumo_data/rikishi/270x474/20220051.jpg
4165,1999-07-14,https://www.sumo.or.jp/img/sumo_data/rikishi/270x474/20220052.jpg
4166,1999-05-19,https://www.sumo.or.jp/img/sumo_data/rikishi/270x474/20220053.jpg
4167,2003-12-13,https://www.sumo.or.jp/img/sumo_data/rikishi/270x474/20220054.jpg
4168,2006-03-06,https://www.sumo.or.jp/img/sumo_data/rikishi/270x474/20220056.jpg
4169,1999-12-25,https://www.sumo.or.jp/img/sumo_data/rikishi/270x474/20220057.jpg
4170,1999-04-10,https://www.sumo.or.jp/img/sumo_data/rikishi/270x474/20220058.jpg
4171,1999-04-09,https://www.sumo.or.jp/img/sumo_data/rikishi/270x474/20220059.jpg
4172,2004-09-14,https://www.sumo.or.jp/img/sumo_data/rikishi/270x474/20220060.jpg
4173,2003-01-29,https://www.sumo.or.jp/img/sumo_data/rikishi/270x474/20220061.jpg
4174,2003-01-18,https://www.sumo.or.jp/img/sumo_data/rikishi/270x474/20220062.jpg
4175,1999-01-08,https://www.sumo.or.jp/img/sumo_data/rikishi/270x474/20220063.jpg
4176,2001-06-13,https://www.sumo.or.jp/img/sumo_data/rikishi/270x474/20220064.jpg
4177,2006-02-02,https://www.sumo.or.jp/img/sumo_data/rikishi/270x474/20220065.jpg
4178,2004-07-05,https://www.sumo.or.jp/img/sumo_data/rikishi/270x474/20220066.jpg
4179,2004-12-19,https://www.sumo.or.jp/img/sumo_data/rikishi/270x474/20220067.jpg
4180,2005-02-26,https://www.sumo.or.jp/img/sumo_data/rikishi/270x474/20220068.jpg
4181,2003-05-18,https://www.sumo.or.jp/img/sumo_data/rikishi/270x474/20220069.jpg
4182,2005-03-22,https://www.sumo.or.jp/img/sumo_data/rikishi/270x474/20220070.jpg
4183,2004-11-15,https://www.sumo.or.jp/img/sumo_data/rikishi/270x474/20220071.jpg
4184,2004-05-29,https://www.sumo.or.jp/img/sumo_data/rikishi/270x474/20230001.jpg
4185,1999-08-06,https://www.sumo.or.jp/img/sumo_data/rikishi/270x474/20230002.jpg
4186,2004-06-30,https://www.sumo.or.jp/img/sumo_data/rikishi/270x474/20230003.jpg
4187,2003-08-22,https://www.sumo.or.jp/img/sumo_data/rikishi/270x474/20230004.jpg
4188,2004-05-07,https://www.sumo.or.jp/img/sumo_data/rikishi/270x474/20230005.jpg
4189,2004-05-19,https://www.sumo.or.jp/img/sumo_data/rikishi/270x474/20230006.jpg
4190,2004-06-17,https://www.sumo.or.jp/img/sumo_data/rikishi/270x474/20230007.jpg
4191,2005-02-22,https://www.sumo.or.jp/img/sumo_data/rikishi/270x474/20230008.jpg
4192,2004-07-19,https://www.sumo.or.jp/img/sumo_data/rikishi/270x474/20230013.jpg
4193,2008-03-21,https://www.sumo.or.jp/img/sumo_data/rikishi/270x474/20230014.jpg
4194,2008-02-02,https://www.sumo.or.jp/img/sumo_data/rikishi/270x474/20230015.jpg
4195,2007-05-24,https://www.sumo.or.jp/img/sumo_data/rikishi/270x474/20230016.jpg
4196,2007-11-06,https://www.sumo.or.jp/img/sumo_data/rikishi/270x474/20230017.jpg
4197,2007-05-08,https://www.sumo.or.jp/img/sumo_data/rikishi/270x474/20230018.jpg
4198,2004-07-03,https://www.sumo.or.jp/img/sumo_data/rikishi/270x474/20230019.jpg
4199,2005-01-12,https://www.sumo.or.jp/img/sumo_data/rikishi/270x474/20230020.jpg
4200,2005-01-12,https://www.sumo.or.jp/img/sumo_data/rikishi/270x474/20230021.jpg
4201,2004-10-14,https://www.sumo.or.jp/img/sumo_data/rikishi/270x474/20230022.jpg
4202,2004-09-20,https://www.sumo.or.jp/img/sumo_data/rikishi/270x474/20230023.jpg
4203,2007-12-24,https://www.sumo.or.jp/img/sumo_data/rikishi/270x474/20230024.jpg
4204,2004-12-19,https://www.sumo.or.jp/img/sumo_data/rikishi/270x474/20230025.jpg
4205,2007-09-02,https://www.sumo.or.jp/img/sumo_data/rikishi/270x474/20230026.jpg
4206,2007-08-16,https://www.sumo.or.jp/img/sumo_data/rikishi/270x474/20230027.jpg
4207,2007-08-29,https://www.sumo.or.jp/img/sumo_data/rikishi/270x474/20230028.jpg
4208,2004-09-03,https://www.sumo.or.jp/img/sumo_data/rikishi/270x474/20230029.jpg
4209,2004-08-19,https://www.sumo.or.jp/img/sumo_data/rikishi/270x474/20230030.jpg
4210,2007-04-24,https://www.sumo.or.jp/img/sumo_data/rikishi/270x474/20230031.jpg
4211,2006-07-26,https://www.sumo.or.jp/img/sumo_data/rikishi/270x474/20230032.jpg
4212,2007-08-20,https://www.sumo.or.jp/img/sumo_data/rikishi/270x474/20230033.jpg
4213,2004-05-13,https://www.sumo.or.jp/img/sumo_data/rikishi/270x474/20230034.jpg
4214,2004-11-03,https://www.sumo.or.jp/img/sumo_data/rikishi/270x474/20230035.jpg
4215,2007-11-28,https://www.sumo.or.jp/img/sumo_data/rikishi/270x474/20230036.jpg
4216,2004-10-27,https://www.sumo.or.jp/img/sumo_data/rikishi/270x474/20230037.jpg
4217,2007-11-28,https://www.sumo.or.jp/img/sumo_data/rikishi/270x474/20230038.jpg
4218,2008-02-06,https://www.sumo.or.jp/img/sumo_data/rikishi/270x474/20230039.jpg
4219,2004-11-26,https://www.sumo.or.jp/img/sumo_data/rikishi/270x474/20230040.jpg
4220,2007-11-27,https://www.sumo.or.jp/img/sumo_data/rikishi/270x474/20230041.jpg
4221,2004-04-13,https://www.sumo.or.jp/img/sumo_data/rikishi/270x474/20230042.jpg
4222,2007-07-02,https://www.sumo.or.jp/img/sumo_data/rikishi/270x474/20230043.jpg
4223,2000-06-03,https://www.sumo.or.jp/img/sumo_data/rikishi/270x474/20230044.jpg
4224,2000-05-16,https://www.sumo.or.jp/img/sumo_data/rikishi/270x474/20230045.jpg
4225,2005-03-02,https://www.sumo.or.jp/img/sumo_data/rikishi/270x474/20230046.jpg
4226,2001-02-10,https://www.sumo.or.jp/img/sumo_data/rikishi/270x474/20230047.jpg
4227,2000-06-07,https://www.sumo.or.jp/img/sumo_data/rikishi/270x474/20230048.jpg
4228,2008-02-04,https://www.sumo.or.jp/img/sumo_data/rikishi/270x474/20230049.jpg
4229,2005-03-13,https://www.sumo.or.jp/img/sumo_data/rikishi/270x474/20230050.jpg
4230,2004-03-23,https://www.sumo.or.jp/img/sumo_data/rikishi/270x474/20230052.jpg
4231,2000-05-05,https://www.sumo.or.jp/img/sumo_data/rikishi/270x474/20230053.jpg
4232,2000-04-04,https://www.sumo.or.jp/img/sumo_data/rikishi/270x474/20230054.jpg
4233,2006-08-17,https://www.sumo.or.jp/img/sumo_data/rikishi/270x474/20230055.jpg
4234,2005-08-18,https://www.sumo.or.jp/img/sumo_data/rikishi/270x474/20230056.jpg
4235,2005-11-25,https://www.sumo.or.jp/img/sumo_data/rikishi/270x474/20230057.jpg
4236,2005-11-09,https://www.sumo.or.jp/img/sumo_data/rikishi/270x474/20230058.jpg
4237,2005-05-18,https://www.sumo.or.jp/img/sumo_data/rikishi/270x474/20240001.jpg
4238,2006-01-22,https://www.sumo.or.jp/img/sumo_data/rikishi/270x474/20240002.jpg
4239,2005-07-21,https://www.sumo.or.jp/img/sumo_data/rikishi/270x474/20240003.jpg
4240,2005-05-01,https://www.sumo.or.jp/img/sumo_data/rikishi/270x474/20240004.jpg
4241,2005-07-23,https://www.sumo.or.jp/img/sumo_data/rikishi/270x474/20240005.jpg
4242,2000-08-22,https://www.sumo.or.jp/img/sumo_data/rikishi/270x474/20240006.jpg
4243,2000-08-24,https://www.sumo.or.jp/img/sumo_data/rikishi/270x474/20240007.jpg
4244,2005-09-03,https://www.sumo.or.jp/img/sumo_data/rikishi/270x474/20240008.jpg
4245,2005-07-02,https://www.sumo.or.jp/img/sumo_data/rikishi/270x474/20240009.jpg
4246,2005-06-07,https://www.sumo.or.jp/img/sumo_data/rikishi/270x474/20240010.jpg
4247,2005-08-07,https://www.sumo.or.jp/img/sumo_data/rikishi/270x474/20240011.jpg
4248,2009-01-14,https://www.sumo.or.jp/img/sumo_data/rikishi/270x474/20240012.jpg
4249,2002-02-21,https://www.sumo.or.jp/img/sumo_data/rikishi/270x474/20240013.jpg
4250,2008-09-21,https://www.sumo.or.jp/img/sumo_data/rikishi/270x474/20240014.jpg
4251,2006-02-09,https://www.sumo.or.jp/img/sumo_data/rikishi/270x474/20240015.jpg
4252,2005-07-15,https://www.sumo.or.jp/img/sumo_data/rikishi/270x474/20240016.jpg
4253,2008-10-29,https://www.sumo.or.jp/img/sumo_data/rikishi/270x474/20240017.jpg
4254,2005-11-06,https://www.sumo.or.jp/img/sumo_data/rikishi/270x474/20240018.jpg
4255,2008-06-25,https://www.sumo.or.jp/img/sumo_data/rikishi/270x474/20240019.jpg
4256,2008-10-26,https://www.sumo.or.jp/img/sumo_data/rikishi/270x474/20240020.jpg
4257,2008-12-10,https://www.sumo.or.jp/img/sumo_data/rikishi/270x474/20240021.jpg
4258,2008-09-08,https://www.sumo.or.jp/img/sumo_data/rikishi/270x474/20240022.jpg
4259,2005-11-27,https://www.sumo.or.jp/img/sumo_data/rikishi/270x474/20240023.jpg
4260,2005-04-30,https://www.sumo.or.jp/img/sumo_data/rikishi/270x474/20240024.jpg
4261,2005-11-26,https://www.sumo.or.jp/img/sumo_data/rikishi/270x474/20240025.jpg
4262,2008-06-24,https://www.sumo.or.jp/img/sumo_data/rikishi/270x474/20240026.jpg
4263,2008-06-03,https://www.sumo.or.jp/img/sumo_data/rikishi/270x474/20240027.jpg
4264,2008-04-06,https://www.sumo.or.jp/img/sumo_data/rikishi/270x474/20240028.jpg
4265,2008-05-17,https://www.sumo.or.jp/img/sumo_data/rikishi/270x474/20240029.jpg
4266,2007-09-20,https://www.sumo.or.jp/img/sumo_data/rikishi/270x474/20240030.jpg
4267,2004-10-12,https://www.sumo.or.jp/img/sumo_data/rikishi/270x474/20240031.jpg
4268,2009-01-06,https://www.sumo.or.jp/img/sumo_data/rikishi/270x474/20240032.jpg
4269,2006-03-16,https://www.sumo.or.jp/img/sumo_data/rikishi/270x474/20240033.jpg
4270,2001-11-27,https://www.sumo.or.jp/img/sumo_data/rikishi/270x474/20240034.jpg
4271,2007-04-26,https://www.sumo.or.jp/img/sumo_data/rikishi/270x474/20240035.jpg
4272,2005-09-12,https://www.sumo.or.jp/img/sumo_data/rikishi/270x474/20240036.jpg
4273,2005-08-05,https://www.sumo.or.jp/img/sumo_data/rikishi/270x474/20240037.jpg
4274,2005-04-17,https://www.sumo.or.jp/img/sumo_data/rikishi/270x474/20240038.jpg
4275,2001-10-09,https://www.sumo.or.jp/img/sumo_data/rikishi/270x474/20240041.jpg
4276,2009-02-03,https://www.sumo.or.jp/img/sumo_data/rikishi/270x474/20240042.jpg
4277,2005-07-28,https://www.sumo.or.jp/img/sumo_data/rikishi/270x474/20240043.jpg
4278,2005-03-28,https://www.sumo.or.jp/img/sumo_data/rikishi/270x474/20240044.jpg
4279,2001-06-25,https://www.sumo.or.jp/img/sumo_data/rikishi/270x474/20240045.jpg
4280,2005-07-30,https://www.sumo.or.jp/img/sumo_data/rikishi/270x474/20240046.jpg
4281,2001-05-24,https://www.sumo.or.jp/img/sumo_data/rikishi/270x474/20240047.jpg
4282,2006-03-31,https://www.sumo.or.jp/img/sumo_data/rikishi/270x474/20240048.jpg
4283,2004-06-02,https://www.sumo.or.jp/img/sumo_data/rikishi/270x474/20240049.jpg
4284,2008-08-14,https://www.sumo.or.jp/img/sumo_data/rikishi/270x474/20240050.jpg
4285,2000-08-09,https://www.sumo.or.jp/img/sumo_data/rikishi/270x474/20240052.jpg
4286,2000-11-14,https://www.sumo.or.jp/img/sumo_data/rikishi/270x474/20240053.jpg
4287,2001-11-12,https://www.sumo.or.jp/img/sumo_data/rikishi/270x474/20240054.jpg
4288,2004-03-04,https://www.sumo.or.jp/img/sumo_data/rikishi/270x474/20240055.jpg
4289,2001-12-13,https://www.sumo.or.jp/img/sumo_data/rikishi/270x474/20240056.jpg
4290,2005-11-07,https://www.sumo.or.jp/img/sumo_data/rikishi/270x474/20240057.jpg
4291,2007-02-01,https://www.sumo.or.jp/img/sumo_data/rikishi/270x474/20240058.jpg
4292,2006-09-15,https://www.sumo.or.jp/img/sumo_data/rikishi/270x474/20240059.jpg
4293,2006-04-09,https://www.sumo.or.jp/img/sumo_data/rikishi/270x474/20240060.jpg
4294,2008-04-10,https://www.sumo.or.jp/img/sumo_data/rikishi/270x474/20240061.jpg
4295,2002-05-11,https://www.sumo.or.jp/img/sumo_data/rikishi/270x474/20240062.jpg
4296,2007-02-09,https://www.sumo.or.jp/img/sumo_data/rikishi/270x474/20240063.jpg
4297,2006-04-28,https://www.sumo.or.jp/img/sumo_data/rikishi/270x474/20240064.jpg
4298,2007-01-21,https://www.sumo.or.jp/img/sumo_data/rikishi/270x474/20240065.jpg
4299,2008-04-10,https://www.sumo.or.jp/img/sumo_data/rikishi/270x474/20250001.jpg
4300,2006-10-13,https://www.sumo.or.jp/img/sumo_data/rikishi/270x474/20250002.jpg
4301,2007-03-13,https://www.sumo.or.jp/img/sumo_data/rikishi/270x474/20250003.jpg
4302,2007-02-24,https://www.sumo.or.jp/img/sumo_data/rikishi/270x474/20250004.jpg
4303,2006-06-14,https://www.sumo.or.jp/img/sumo_data/rikishi/270x474/20250005.jpg
4304,2003-04-18,https://www.sumo.or.jp/img/sumo_data/rikishi/270x474/20250006.jpg
